a	a	Nom:Mas+InvPL
a	a	Pre
a	avoir	Ver:IPre+SG+P3
abaca	abaca	Nom:Mas+SG
abacule	abacule	Nom:Mas+SG
abaissa	abaisser	Ver:IPSim+SG+P3
abaissable	abaissable	Adj:InvGen+SG
abaissai	abaisser	Ver:IPSim+SG+P1
abaissaient	abaisser	Ver:IImp+PL+P3
abaissais	abaisser	Ver:IImp+SG+P1:IImp+SG+P2
abaissait	abaisser	Ver:IImp+SG+P3
abaissee	abaisse	Adj:Fem+SG
abaissee	abaissee	Nom:Fem+SG
abaissee	abaisser	Ver:PPas+Fem+SG
abaissees	abaisse	Adj:Fem+PL
abaissees	abaissee	Nom:Fem+PL
abaissees	abaisser	Ver:PPas+Fem+PL
abaissement	abaissement	Nom:Mas+SG
abaissements	abaissement	Nom:Mas+PL
abaissent	abaisser	Ver:IPre+PL+P3:SPre+PL+P3
baht	baht	Nom:Mas+SG
bahut	bahut	Nom:Mas+SG
bahuts	bahut	Nom:Mas+PL
bai	bai	Adj:Mas+SG
bai	bai	Nom:Mas+SG
baie	bai	Adj:Fem+SG
enrouement	enrouement	Nom:Mas+SG
enrouements	enrouement	Nom:Mas+PL
enroues	enrouer	Ver:PPas+Mas+PL
frictionne	frictionner	Ver:IPre+SG+P1:IPre+SG+P3:SPre+SG+P1:SPre+SG+P3:ImPre+SG+P2
froisse	froisser	Ver:IPre+SG+P1:IPre+SG+P3:SPre+SG+P1:SPre+SG+P3:ImPre+SG+P2
impulse	impulser	Ver:IPre+SG+P1:IPre+SG+P3:SPre+SG+P1:SPre+SG+P3:ImPre+SG+P2
imputrescible	imputrescible	Adj:InvGen+SG
imputrescibles	imputrescible	Adj:InvGen+PL
inabordable	inabordable	Adj:InvGen+SG
inabordables	inabordable	Adj:InvGen+PL
inabritee	inabrite	Adj:Fem+SG
inabritees	inabrite	Adj:Fem+PL
incarcere	incarcerer	Ver:IPre+SG+P1:IPre+SG+P3:SPre+SG+P1:SPre+SG+P3:ImPre+SG+P2
justifierait	justifier	Ver:CPre+SG+P3
justifiera	justifier	Ver:IFut+SG+P3
justifieras	justifier	Ver:IFut+SG+P2
justifierent	justifier	Ver:IPSim+PL+P3
justifierez	justifier	Ver:IFut+PL+P2
justifieriez	justifier	Ver:CPre+PL+P2
justifierions	justifier	Ver:CPre+PL+P1
justifierons	justifier	Ver:IFut+PL+P1
justifieront	justifier	Ver:IFut+PL+P3
justifies	justifier	Ver:IPre+SG+P2
justifies	justifier	Ver:PPas+Mas+PL
justifies	justifier	Ver:SPre+SG+P2
justifiez	justifier	Ver:IPre+PL+P2:ImPre+PL+P2
justifiiez	justifier	Ver:IImp+PL+P2:SPre+PL+P2
justifiions	justifier	Ver:IImp+PL+P1:SPre+PL+P1
justifions	justifier	Ver:IPre+PL+P1:ImPre+PL+P1
jutaient	juter	Ver:IImp+PL+P3
jutai	juter	Ver:IPSim+SG+P1
jutais	juter	Ver:IImp+SG+P1:IImp+SG+P2
jutait	juter	Ver:IImp+SG+P3
juta	juter	Ver:IPSim+SG+P3
jutames	juter	Ver:IPSim+PL+P1
jutant	juter	Ver:PPre
jutas	juter	Ver:IPSim+SG+P2
jutasse	juter	Ver:SImp+SG+P1
jutassent	juter	Ver:SImp+PL+P3
jutasses	juter	Ver:SImp+SG+P2
jutassiez	juter	Ver:SImp+PL+P2
jutassions	juter	Ver:SImp+PL+P1
jutates	juter	Ver:IPSim+PL+P2
jutat	juter	Ver:SImp+SG+P3
jute	jute	Nom:Mas+SG
jute	juter	Ver:IPre+SG+P1:IPre+SG+P3:SPre+SG+P1:SPre+SG+P3:ImPre+SG+P2
jute	juter	Ver:PPas+Mas+SG
jutent	juter	Ver:IPre+PL+P3:SPre+PL+P3
juteraient	juter	Ver:CPre+PL+P3
juterai	juter	Ver:IFut+SG+P1
juterais	juter	Ver:CPre+SG+P1:CPre+SG+P2
juterait	juter	Ver:CPre+SG+P3
jutera	juter	Ver:IFut+SG+P3
juteras	juter	Ver:IFut+SG+P2
juterent	juter	Ver:IPSim+PL+P3
juterez	juter	Ver:IFut+PL+P2
juteriez	juter	Ver:CPre+PL+P2
juterions	juter	Ver:CPre+PL+P1
juterons	juter	Ver:IFut+PL+P1
juteront	juter	Ver:IFut+PL+P3
jutes	jute	Nom:Mas+PL
jutes	juter	Ver:IPre+SG+P2:SPre+SG+P2
juteuse	juteuse	Nom:Fem+SG
juteuse	juteux	Adj:Fem+SG
juteuses	juteuse	Nom:Fem+PL
juteuses	juteux	Adj:Fem+PL
juteux	juteux	Adj:Mas+InvPL
juteux	juteux	Nom:Mas+InvPL
jutez	juter	Ver:IPre+PL+P2:ImPre+PL+P2
jutiez	juter	Ver:IImp+PL+P2:SPre+PL+P2
jutions	juter	Ver:IImp+PL+P1:SPre+PL+P1
jutons	juter	Ver:IPre+PL+P1:ImPre+PL+P1
juvenat	juvenat	Nom:Mas+SG
juvenile	juvenile	Adj:InvGen+SG
juvenile	juvenile	Nom:Mas+SG
juveniles	juvenile	Adj:InvGen+PL
juveniles	juvenile	Nom:Mas+PL
juvenilite	juvenilite	Nom:Fem+SG
juxtalineaire	juxtalineaire	Adj:InvGen+SG
juxtaposable	juxtaposable	Adj:InvGen+SG
juxtaposaient	juxtaposer	Ver:IImp+PL+P3
juxtaposai	juxtaposer	Ver:IPSim+SG+P1
juxtaposais	juxtaposer	Ver:IImp+SG+P1:IImp+SG+P2
juxtaposait	juxtaposer	Ver:IImp+SG+P3
juxtaposa	juxtaposer	Ver:IPSim+SG+P3
juxtaposames	juxtaposer	Ver:IPSim+PL+P1
juxtaposant	juxtaposer	Ver:PPre
juxtaposant	juxtaposer	Ver:PPre+Mas+SG
juxtaposas	juxtaposer	Ver:IPSim+SG+P2
juxtaposasse	juxtaposer	Ver:SImp+SG+P1
juxtaposassent	juxtaposer	Ver:SImp+PL+P3
juxtaposasses	juxtaposer	Ver:SImp+SG+P2
juxtaposassiez	juxtaposer	Ver:SImp+PL+P2
juxtaposassions	juxtaposer	Ver:SImp+PL+P1
juxtaposates	juxtaposer	Ver:IPSim+PL+P2
juxtaposat	juxtaposer	Ver:SImp+SG+P3
juxtaposee	juxtapose	Adj:Fem+SG
juxtaposee	juxtaposer	Ver:PPas+Fem+SG
juxtaposees	juxtapose	Adj:Fem+PL
juxtaposees	juxtaposer	Ver:PPas+Fem+PL
juxtapose	juxtapose	Adj:Mas+SG
juxtapose	juxtaposer	Ver:IPre+SG+P1:IPre+SG+P3:SPre+SG+P1:SPre+SG+P3:ImPre+SG+P2
juxtapose	juxtaposer	Ver:PPas+Mas+SG
juxtaposent	juxtaposer	Ver:IPre+PL+P3:SPre+PL+P3
juxtaposeraient	juxtaposer	Ver:CPre+PL+P3
juxtaposerai	juxtaposer	Ver:IFut+SG+P1
juxtaposerais	juxtaposer	Ver:CPre+SG+P1:CPre+SG+P2
juxtaposerait	juxtaposer	Ver:CPre+SG+P3
juxtaposera	juxtaposer	Ver:IFut+SG+P3
juxtaposeras	juxtaposer	Ver:IFut+SG+P2
juxtaposerent	juxtaposer	Ver:IPSim+PL+P3
juxtaposerez	juxtaposer	Ver:IFut+PL+P2
juxtaposeriez	juxtaposer	Ver:CPre+PL+P2
juxtaposerions	juxtaposer	Ver:CPre+PL+P1
juxtaposerons	juxtaposer	Ver:IFut+PL+P1
juxtaposeront	juxtaposer	Ver:IFut+PL+P3
juxtaposes	juxtapose	Adj:Mas+PL
juxtaposes	juxtaposer	Ver:IPre+SG+P2:SPre+SG+P2
juxtaposes	juxtaposer	Ver:PPas+Mas+PL
juxtaposez	juxtaposer	Ver:IPre+PL+P2:ImPre+PL+P2
juxtaposiez	juxtaposer	Ver:IImp+PL+P2:SPre+PL+P2
juxtaposions	juxtaposer	Ver:IImp+PL+P1:SPre+PL+P1
juxtaposition	juxtaposition	Nom:Fem+SG
juxtaposons	juxtaposer	Ver:IPre+PL+P1:ImPre+PL+P1
kabbale	kabbale	Nom:Fem+SG
kabbaliste	kabbaliste	Adj:InvGen+SG
kabbaliste	kabbaliste	Nom:InvGen+SG
kabbalistique	kabbalistique	Adj:InvGen+SG
kabuki	kabuki	Nom:Mas+SG
kabukis	kabuki	Nom:Mas+PL
kabyle	kabyle	Adj:InvGen+SG
kabyle	kabyle	Nom:InvGen+SG
kabyle	kabyle	Nom:Mas+SG
kabyles	kabyle	Adj:InvGen+PL
kabyles	kabyle	Nom:InvGen+PL
kacha	kacha	Nom:Fem+SG
kache	kache	Nom:Fem+SG
kadi	kadi	Nom:Mas+SG
kafkaien	kafkaien	Adj:Mas+SG
kafkaienne	kafkaien	Adj:Fem+SG
kafkaiennes	kafkaien	Adj:Fem+PL
kafkaiens	kafkaien	Adj:Mas+PL
kainite	kainite	Nom:Fem+SG
kaiser	kaiser	Nom:Mas+SG
ka	ka	Nom:Mas+SG
kakatoes	kakatoes	Nom:Mas+InvPL
kakemono	kakemono	Nom:Mas+SG
kaki	kaki	Adj:InvGen+SG:InvGen+PL
kaki	kaki	Nom:Mas+SG
kakis	kaki	Nom:Mas+PL
kaleidoscope	kaleidoscope	Nom:Mas+SG
kaleidoscopes	kaleidoscope	Nom:Mas+PL
kaleidoscopique	kaleidoscopique	Adj:InvGen+SG
kalicytie	kalicytie	Nom:Fem+SG
kaliemie	kaliemie	Nom:Fem+SG
kali	kali	Nom:Mas+SG
kalium	kalium	Nom:Mas+SG
kalmouke	kalmouk	Adj:Fem+SG
kalmouk	kalmouk	Adj:Mas+SG
kalmouk	kalmouk	Nom:Mas+SG
kamala	kamala	Nom:Mas+SG
kamichi	kamichi	Nom:Mas+SG
kami	kami	Nom:Mas+SG
kamikaze	kamikaze	Nom:InvGen+SG
kamikazes	kamikaze	Nom:InvGen+PL
kammerspiel	kammerspiel	Nom:Mas+SG
kana	kana	Nom:Mas+SG
kanak	kanak	Adj:Mas+SG
kandjar	kandjar	Nom:Mas+SG
kangourou	kangourou	Nom:Mas+SG
kangourous	kangourou	Nom:Mas+PL
kan	kan	Nom:Mas+SG
kannara	kannara	Nom:Mas+SG
kantien	kantien	Adj:Mas+SG
kantienne	kantien	Adj:Fem+SG
kantienne	kantien	Nom:Fem+SG
kantiennes	kantien	Adj:Fem+PL
kantiennes	kantien	Nom:Fem+PL
kantiens	kantien	Adj:Mas+PL
kantiens	kantien	Nom:Mas+PL
kantisme	kantisme	Nom:Mas+SG
kaoliang	kaoliang	Nom:Mas+SG
kaolinisation	kaolinisation	Nom:Fem+SG
kaolinite	kaolinite	Nom:Fem+SG
kaolin	kaolin	Nom:Mas+SG
kaolins	kaolin	Nom:Mas+PL
kaon	kaon	Nom:Mas+SG
kaons	kaon	Nom:Mas+PL
kapokier	kapokier	Nom:Mas+SG
kapok	kapok	Nom:Mas+SG
kappa	kappa	Nom:Mas+InvPL
karakul	karakul	Nom:Mas+SG
karateka	karateka	Nom:InvGen+SG
karate	karate	Nom:Mas+SG
karatekas	karateka	Nom:InvGen+PL
karbau	karbau	Nom:Mas+SG
karbaux	karbau	Nom:Mas+PL
karite	karite	Nom:Mas+SG
karma	karma	Nom:Mas+SG
karman	karman	Nom:Mas+SG
karpatique	karpatique	Adj:InvGen+SG
karstique	karstique	Adj:InvGen+SG
karst	karst	Nom:Mas+SG
karting	karting	Nom:Mas+SG
kart	kart	Nom:Mas+SG
karts	kart	Nom:Mas+PL
karyokinese	karyokinese	Nom:Fem+SG
kascher	kascher	Adj:InvGen+SG:InvGen+PL
kasher	kasher	Adj:InvGen+SG:InvGen+PL
katchina	katchina	Nom:Mas+SG
kava	kava	Nom:Mas+SG
kawa	kawa	Nom:Mas+SG
kawi	kawi	Nom:Mas+SG
kayac	kayac	Nom:Mas+SG
kayakiste	kayakiste	Nom:InvGen+SG
kayak	kayak	Nom:Mas+SG
kayaks	kayak	Nom:Mas+PL
kazakh	kazakh	Adj:Mas+SG
keepsake	keepsake	Nom:Mas+SG
keffieh	keffieh	Nom:Mas+SG
kefir	kefir	Nom:Mas+SG
kelvin	kelvin	Adj:InvGen+SG:InvGen+PL
kelvin	kelvin	Nom:Mas+SG
kelvins	kelvin	Nom:Mas+PL
kendo	kendo	Nom:Mas+SG
kendos	kendo	Nom:Mas+PL
kenotron	kenotron	Nom:Mas+SG
kentia	kentia	Nom:Mas+SG
kentrophylle	kentrophylle	Nom:Mas+SG
kephir	kephir	Nom:Mas+SG
kepi	kepi	Nom:Mas+SG
kepis	kepi	Nom:Mas+PL
kerabau	kerabau	Nom:Mas+SG
keratine	keratine	Nom:Fem+SG
keratines	keratine	Nom:Fem+PL
keratinisaient	keratiniser	Ver:IImp+PL+P3
keratinisai	keratiniser	Ver:IPSim+SG+P1
keratinisais	keratiniser	Ver:IImp+SG+P1:IImp+SG+P2
keratinisait	keratiniser	Ver:IImp+SG+P3
keratinisa	keratiniser	Ver:IPSim+SG+P3
keratinisames	keratiniser	Ver:IPSim+PL+P1
keratinisant	keratiniser	Ver:PPre
keratinisas	keratiniser	Ver:IPSim+SG+P2
keratinisasse	keratiniser	Ver:SImp+SG+P1
keratinisassent	keratiniser	Ver:SImp+PL+P3
keratinisasses	keratiniser	Ver:SImp+SG+P2
keratinisassiez	keratiniser	Ver:SImp+PL+P2
keratinisassions	keratiniser	Ver:SImp+PL+P1
keratinisates	keratiniser	Ver:IPSim+PL+P2
keratinisation	keratinisation	Nom:Fem+SG
keratinisations	keratinisation	Nom:Fem+PL
keratinisat	keratiniser	Ver:SImp+SG+P3
keratinisee	keratinise	Adj:Fem+SG
keratinisee	keratiniser	Ver:PPas+Fem+SG
keratinisees	keratinise	Adj:Fem+PL
keratinisees	keratiniser	Ver:PPas+Fem+PL
keratinise	keratinise	Adj:Mas+SG
keratinise	keratiniser	Ver:IPre+SG+P1:IPre+SG+P3:SPre+SG+P1:SPre+SG+P3:ImPre+SG+P2
keratinise	keratiniser	Ver:PPas+Mas+SG
keratinisent	keratiniser	Ver:IPre+PL+P3:SPre+PL+P3
keratiniserent	keratiniser	Ver:IPSim+PL+P3
keratinises	keratiniser	Ver:IPre+SG+P2:SPre+SG+P2
keratinisez	keratiniser	Ver:IPre+PL+P2:ImPre+PL+P2
keratinisiez	keratiniser	Ver:IImp+PL+P2:SPre+PL+P2
keratinisions	keratiniser	Ver:IImp+PL+P1:SPre+PL+P1
keratinisons	keratiniser	Ver:IPre+PL+P1:ImPre+PL+P1
keratite	keratite	Nom:Fem+SG
keratocele	keratocele	Nom:Fem+SG
keratocone	keratocone	Nom:Mas+SG
keratolyse	keratolyse	Nom:Fem+SG
keratolytique	keratolytique	Adj:InvGen+SG
keratolytique	keratolytique	Nom:Mas+SG
keratoplastique	keratoplastique	Adj:InvGen+SG
keratoscopie	keratoscopie	Nom:Fem+SG
keratose	keratose	Nom:Fem+SG
keratotome	keratotome	Nom:Mas+SG
keratotomie	keratotomie	Nom:Fem+SG
kerdometre	kerdometre	Nom:Mas+SG
kermes	kermes	Nom:Mas+InvPL
kermesse	kermesse	Nom:Fem+SG
kermesses	kermesse	Nom:Fem+PL
kerogene	kerogene	Nom:Mas+SG
kerosene	kerosene	Nom:Mas+SG
kerria	kerria	Nom:Mas+SG
ketch	ketch	Nom:Mas+SG
ketchup	ketchup	Nom:Mas+InvPL
ketmie	ketmie	Nom:Fem+SG
keynesien	keynesien	Adj:Mas+SG
keynesienne	keynesien	Adj:Fem+SG
keynesiennes	keynesien	Adj:Fem+PL
kg	kg	Abr
khagne	khagne	Nom:Fem+SG
khagneuse	khagneux	Adj:Fem+SG
khagneuse	khagneux	Nom:Fem+SG
khagneuses	khagneux	Adj:Fem+PL
khagneuses	khagneux	Nom:Fem+PL
khagneux	khagneux	Adj:Mas+InvPL
khagneux	khagneux	Nom:Mas+InvPL
khalifat	khalifat	Nom:Mas+SG
khalife	khalife	Nom:Mas+SG
khamsin	khamsin	Nom:Mas+SG
khanat	khanat	Nom:Mas+SG
khanats	khanat	Nom:Mas+PL
khan	khan	Nom:Mas+SG
khans	khan	Nom:Mas+PL
kharidjisme	kharidjisme	Nom:Mas+SG
kharidjite	kharidjite	Adj:InvGen+SG
kharidjite	kharidjite	Nom:InvGen+SG
khat	khat	Nom:Mas+SG
khedivale	khedival	Adj:Fem+SG
khedivales	khedival	Adj:Fem+PL
khedival	khedival	Adj:Mas+SG
khedivat	khedivat	Nom:Mas+SG
khedivaux	khedival	Adj:Mas+PL
khedive	khedive	Nom:Mas+SG
khedives	khedive	Nom:Mas+PL
khediviale	khedivial	Adj:Fem+SG
khediviales	khedivial	Adj:Fem+PL
khedivial	khedivial	Adj:Mas+SG
khediviat	khediviat	Nom:Mas+SG
khediviaux	khedivial	Adj:Mas+PL
khi	khi	Nom:Mas+InvPL
khmere	khmer	Adj:Fem+SG
khmere	khmer	Nom:Fem+SG
khmeres	khmer	Adj:Fem+PL
khmeres	khmer	Nom:Fem+PL
khmer	khmer	Adj:Mas+SG
khmer	khmer	Nom:Mas+SG
khmers	khmer	Adj:Mas+PL
khmers	khmer	Nom:Mas+PL
khoin	khoin	Nom:Mas+SG
khol	khol	Nom:Mas+SG
khols	khol	Nom:Mas+PL
kibboutzim	kibboutz	Nom:Mas+PL
kibboutz	kibboutz	Nom:Mas+PL
kibboutz	kibboutz	Nom:Mas+SG
kichenotte	kichenotte	Nom:Fem+SG
kick	kick	Nom:Mas+SG
kidnappage	kidnappage	Nom:Mas+SG
kidnappages	kidnappage	Nom:Mas+PL
kidnappaient	kidnapper	Ver:IImp+PL+P3
kidnappai	kidnapper	Ver:IPSim+SG+P1
kidnappais	kidnapper	Ver:IImp+SG+P1:IImp+SG+P2
kidnappait	kidnapper	Ver:IImp+SG+P3
kidnappa	kidnapper	Ver:IPSim+SG+P3
kidnappames	kidnapper	Ver:IPSim+PL+P1
kidnappant	kidnapper	Ver:PPre
kidnappas	kidnapper	Ver:IPSim+SG+P2
kidnappasse	kidnapper	Ver:SImp+SG+P1
kidnappassent	kidnapper	Ver:SImp+PL+P3
kidnappasses	kidnapper	Ver:SImp+SG+P2
kidnappassiez	kidnapper	Ver:SImp+PL+P2
kidnappassions	kidnapper	Ver:SImp+PL+P1
kidnappates	kidnapper	Ver:IPSim+PL+P2
kidnappat	kidnapper	Ver:SImp+SG+P3
kidnappee	kidnapper	Ver:PPas+Fem+SG
kidnappees	kidnapper	Ver:PPas+Fem+PL
kidnappe	kidnapper	Ver:IPre+SG+P1:IPre+SG+P3:SPre+SG+P1:SPre+SG+P3:ImPre+SG+P2
kidnappe	kidnapper	Ver:PPas+Mas+SG
kidnappent	kidnapper	Ver:IPre+PL+P3:SPre+PL+P3
kidnapperaient	kidnapper	Ver:CPre+PL+P3
kidnapperai	kidnapper	Ver:IFut+SG+P1
kidnapperais	kidnapper	Ver:CPre+SG+P1:CPre+SG+P2
kidnapperait	kidnapper	Ver:CPre+SG+P3
kidnappera	kidnapper	Ver:IFut+SG+P3
kidnapperas	kidnapper	Ver:IFut+SG+P2
kidnapperent	kidnapper	Ver:IPSim+PL+P3
kidnapperez	kidnapper	Ver:IFut+PL+P2
kidnapperiez	kidnapper	Ver:CPre+PL+P2
kidnapperions	kidnapper	Ver:CPre+PL+P1
kidnapperons	kidnapper	Ver:IFut+PL+P1
kidnapperont	kidnapper	Ver:IFut+PL+P3
kidnappes	kidnapper	Ver:IPre+SG+P2:SPre+SG+P2
kidnappes	kidnapper	Ver:PPas+Mas+PL
kidnappeur	kidnappeur	Nom:Mas+SG
kidnappeurs	kidnappeur	Nom:Mas+PL
kidnappeuse	kidnappeur	Nom:Fem+SG
kidnappeuses	kidnappeur	Nom:Fem+PL
kidnappez	kidnapper	Ver:IPre+PL+P2:ImPre+PL+P2
kidnappiez	kidnapper	Ver:IImp+PL+P2:SPre+PL+P2
kidnapping	kidnapping	Nom:Mas+SG
kidnappings	kidnapping	Nom:Mas+PL
kidnappions	kidnapper	Ver:IImp+PL+P1:SPre+PL+P1
kidnappons	kidnapper	Ver:IPre+PL+P1:ImPre+PL+P1
kief	kief	Nom:Mas+SG
kieselguhr	kieselguhr	Nom:Mas+SG
kieserite	kieserite	Nom:Fem+SG
kiff	kiff	Nom:Mas+SG
kif	kif	Nom:Mas+SG
kif-kif	kif-kif	Adj:InvGen+InvPL
kiki	kiki	Nom:Mas+SG
kil	kil	Nom:Mas+SG
kiloampere	kiloampere	Nom:Mas+SG
kilocalorie	kilocalorie	Nom:Fem+SG
kilocycle	kilocycle	Nom:Mas+SG
kilogramme	kilogramme	Nom:Mas+SG
kilogrammes	kilogramme	Nom:Mas+PL
kilogrammetre	kilogrammetre	Nom:Mas+SG
kilohertz	kilohertz	Nom:Mas+InvPL
kilo	kilo	Nom:Mas+SG
kilometrage	kilometrage	Nom:Mas+SG
kilometrages	kilometrage	Nom:Mas+PL
kilometrant	kilometrer	Ver:PPre
kilometrant	kilometrer	Ver:PPre+Mas+SG
kilometre	kilometre	Nom:Mas+SG
kilometre	kilometrer	Ver:IPre+SG+P1:IPre+SG+P3:SPre+SG+P1:SPre+SG+P3:ImPre+SG+P2
kilometrent	kilometrer	Ver:IPre+PL+P3:SPre+PL+P3
kilometres	kilometre	Nom:Mas+PL
kilometres	kilometrer	Ver:IPre+SG+P2:SPre+SG+P2
kilometrique	kilometrique	Adj:InvGen+SG
kilometriques	kilometrique	Adj:InvGen+PL
kilos	kilo	Nom:Mas+PL
kilotonne	kilotonne	Nom:Fem+SG
kilotonnique	kilotonnique	Adj:InvGen+SG
kilovolt	kilovolt	Nom:Mas+SG
kilowattheure	kilowattheure	Nom:Mas+SG
kilowatt	kilowatt	Nom:Mas+SG
kilowatts	kilowatt	Nom:Mas+PL
kilowatt-heure	kilowatt-heure	Nom:Mas+SG
kilt	kilt	Nom:Mas+SG
kilts	kilt	Nom:Mas+PL
kimono	kimono	Adj:InvGen+SG:InvGen+PL
kimono	kimono	Nom:Mas+SG
kimonos	kimono	Nom:Mas+PL
kinase	kinase	Nom:Fem+SG
kincajou	kincajou	Nom:Mas+SG
kinescope	kinescope	Nom:Mas+SG
kinesique	kinesique	Adj:InvGen+SG
kinesitherapeute	kinesitherapeute	Nom:InvGen+SG
kinesitherapeutes	kinesitherapeute	Nom:InvGen+PL
kinesitherapie	kinesitherapie	Nom:Fem+SG
kinesthesique	kinesthesique	Adj:InvGen+SG
king	king	Nom:Mas+SG
kinkajou	kinkajou	Nom:Mas+SG
kiosque	kiosque	Nom:Mas+SG
kiosques	kiosque	Nom:Mas+PL
kipper	kipper	Nom:Mas+SG
kirghize	kirghiz	Adj:Fem+SG
kirghize	kirghize	Nom:Mas+SG
kirghize	kirghiz	Nom:Fem+SG
kirghiz	kirghiz	Adj:Mas+InvPL
kiri	kiri	Nom:Mas+SG
kir	kir	Nom:Mas+SG
kirsch	kirsch	Nom:Mas+InvPL
kitchenette	kitchenette	Nom:Fem+SG
kitchenettes	kitchenette	Nom:Fem+PL
kit	kit	Nom:Mas+SG
kitsch	kitsch	Adj:InvGen+SG:InvGen+PL
kitsch	kitsch	Nom:Mas+InvPL
kits	kit	Nom:Mas+PL
kiwi	kiwi	Nom:Mas+SG
kiwis	kiwi	Nom:Mas+PL
k	k	Nom:Mas+InvPL
klaxon	klaxon	Nom:Mas+SG
klaxonnant	klaxonner	Ver:PPre
klaxonne	klaxonner	Ver:PPas+Mas+SG
kleenex	kleenex	Nom:Mas+InvPL
klephte	klephte	Nom:InvGen+SG
kleptomane	kleptomane	Adj:InvGen+SG
kleptomane	kleptomane	Nom:InvGen+SG
kleptomanes	kleptomane	Adj:InvGen+PL
kleptomanes	kleptomane	Nom:InvGen+PL
kleptomanie	kleptomanie	Nom:Fem+SG
klippe	klippe	Nom:Fem+SG
klystron	klystron	Nom:Mas+SG
km	km	Abr
knickerbockers	knickerbockers	Nom:Mas+PL
knicker	knicker	Nom:Mas+SG
knickers	knicker	Nom:Mas+PL
knickers	knickers	Nom:Mas+PL
knock-out	knock-out	Nom:Mas+SG
knout	knout	Nom:Mas+SG
koala	koala	Nom:Mas+SG
koalas	koala	Nom:Mas+PL
kob	kob	Nom:Mas+SG
kobold	kobold	Nom:Mas+SG
koheul	koheul	Nom:Mas+SG
koheuls	koheul	Nom:Mas+PL
kohol	kohol	Nom:Mas+SG
kohols	kohol	Nom:Mas+PL
koine	koine	Nom:Fem+SG
kola	kola	Nom:Mas+SG
kolas	kola	Nom:Mas+PL
kolatier	kolatier	Nom:Mas+SG
kolinski	kolinski	Nom:Mas+SG
kolkhoze	kolkhoze	Nom:Mas+SG
kolkhozes	kolkhoze	Nom:Mas+PL
kolkhozien	kolkhozien	Adj:Mas+SG
kolkhozien	kolkhozien	Nom:Mas+SG
kolkhozienne	kolkhozien	Adj:Fem+SG
kolkhozienne	kolkhozien	Nom:Fem+SG
kolkhoziennes	kolkhozien	Adj:Fem+PL
kolkhoziennes	kolkhozien	Nom:Fem+PL
kolkhoziens	kolkhozien	Adj:Mas+PL
kolkhoziens	kolkhozien	Nom:Mas+PL
kolkhoz	kolkhoz	Nom:Mas+InvPL
kommandantur	kommandantur	Nom:Fem+SG
kondo	kondo	Nom:Mas+SG
konzern	konzern	Nom:Mas+SG
kopeck	kopeck	Nom:Mas+SG
kore	kore	Nom:Fem+SG
korrigane	korrigan	Nom:Fem+SG
korriganes	korrigan	Nom:Fem+PL
korrigan	korrigan	Nom:Mas+SG
korrigans	korrigan	Nom:Mas+PL
koto	koto	Nom:Mas+SG
koubba	koubba	Nom:Fem+SG
kouglof	kouglof	Nom:Mas+SG
kouglofs	kouglof	Nom:Mas+PL
koulak	koulak	Nom:Mas+SG
koulaks	koulak	Nom:Mas+PL
koulibiac	koulibiac	Nom:Mas+SG
koumis	koumis	Nom:Mas+InvPL
koumys	koumys	Nom:Mas+InvPL
kourgane	kourgane	Nom:Mas+SG
kourganes	kourgane	Nom:Mas+PL
kouros	kouros	Nom:Mas+InvPL
koweitien	koweitien	Adj:Mas+SG
kraal	kraal	Nom:Mas+SG
kraals	kraal	Nom:Mas+PL
krach	krach	Nom:Mas+SG
krachs	krach	Nom:Mas+PL
kraft	kraft	Adj:InvGen+SG:InvGen+PL
kraft	kraft	Nom:Mas+SG
kraken	kraken	Nom:Mas+SG
krak	krak	Nom:Mas+SG
kraks	krak	Nom:Mas+PL
kremlin	kremlin	Nom:Mas+SG
kremlinologie	kremlinologie	Nom:Fem+SG
kreuzer	kreuzer	Nom:Mas+SG
krill	krill	Nom:Mas+SG
kriss	kriss	Nom:Mas+InvPL
kronprinz	kronprinz	Nom:Mas+InvPL
kroumir	kroumir	Nom:Mas+SG
krypton	krypton	Nom:Mas+SG
ksar	ksar	Nom:Mas+SG
ksi	ksi	Nom:Mas+InvPL
ksour	ksar	Nom:Mas+PL
kufique	kufique	Adj:InvGen+SG
kufique	kufique	Nom:Mas+SG
kummel	kummel	Nom:Mas+SG
kumquat	kumquat	Nom:Mas+SG
kurde	kurde	Adj:InvGen+SG
kurde	kurde	Nom:InvGen+SG
kurde	kurde	Nom:Mas+SG
kvas	kvas	Nom:Mas+InvPL
kwashiorkor	kwashiorkor	Nom:Mas+SG
kwas	kwas	Nom:Mas+InvPL
kyat	kyat	Nom:Mas+SG
kymographe	kymographe	Nom:Mas+SG
kymographie	kymographie	Nom:Fem+SG
kymrique	kymrique	Adj:InvGen+SG
kyrie	kyrie	Nom:Mas+InvPL
kyrielle	kyrielle	Nom:Fem+SG
kyrielles	kyrielle	Nom:Fem+PL
kyste	kyste	Nom:Mas+SG
kystes	kyste	Nom:Mas+PL
kystique	kystique	Adj:InvGen+SG
kystiques	kystique	Adj:InvGen+PL
labadens	labadens	Nom:Mas+InvPL
labanotation	labanotation	Nom:Fem+SG
labarum	labarum	Nom:Mas+SG
labdanum	labdanum	Nom:Mas+SG
label	label	Nom:Mas+SG
labelle	labelle	Nom:Mas+SG
labelles	labelle	Nom:Mas+PL
labels	label	Nom:Mas+PL
labeur	labeur	Nom:Mas+SG
labeurs	labeur	Nom:Mas+PL
labferment	labferment	Nom:Mas+SG
labiacees	labiacee	Nom:Fem+PL
labiale	labial	Adj:Fem+SG
labiale	labiale	Nom:Fem+SG
labiales	labial	Adj:Fem+PL
labiales	labiale	Nom:Fem+PL
labialisation	labialisation	Nom:Fem+SG
labialisations	labialisation	Nom:Fem+PL
labial	labial	Adj:Mas+SG
labiaux	labial	Adj:Mas+PL
labiee	labiee	Nom:Fem+SG
labiees	labiee	Nom:Fem+PL
labie	labie	Adj:Mas+SG
labile	labile	Adj:InvGen+SG
labiles	labile	Adj:InvGen+PL
labilite	labilite	Nom:Fem+SG
labiodentale	labiodentale	Nom:Fem+SG
labiodentales	labiodentale	Nom:Fem+PL
labiodental	labiodental	Adj:Mas+SG
labiodentaux	labiodental	Adj:Mas+PL
labium	labium	Nom:Mas+SG
laborantine	laborantin	Nom:Fem+SG
laborantines	laborantin	Nom:Fem+PL
laborantin	laborantin	Nom:Mas+SG
laborantins	laborantin	Nom:Mas+PL
laboratoire	laboratoire	Nom:Mas+SG
laboratoires	laboratoire	Nom:Mas+PL
laborieuse	laborieux	Adj:Fem+SG
laborieusement	laborieusement	Adv
laborieuses	laborieux	Adj:Fem+PL
laborieux	laborieux	Adj:Mas+InvPL
labourable	labourable	Adj:InvGen+SG
labourables	labourable	Adj:InvGen+PL
labourage	labourage	Nom:Mas+SG
labourages	labourage	Nom:Mas+PL
labouraient	labourer	Ver:IImp+PL+P3
labourai	labourer	Ver:IPSim+SG+P1
labourais	labourer	Ver:IImp+SG+P1:IImp+SG+P2
labourait	labourer	Ver:IImp+SG+P3
laboura	labourer	Ver:IPSim+SG+P3
labourames	labourer	Ver:IPSim+PL+P1
labourant	labourer	Ver:PPre
labouras	labourer	Ver:IPSim+SG+P2
labourasse	labourer	Ver:SImp+SG+P1
labourassent	labourer	Ver:SImp+PL+P3
labourasses	labourer	Ver:SImp+SG+P2
labourassiez	labourer	Ver:SImp+PL+P2
labourassions	labourer	Ver:SImp+PL+P1
labourates	labourer	Ver:IPSim+PL+P2
labourat	labourer	Ver:SImp+SG+P3
labouree	laboure	Adj:Fem+SG
labouree	labourer	Ver:PPas+Fem+SG
labourees	laboure	Adj:Fem+PL
labourees	labourer	Ver:PPas+Fem+PL
laboure	laboure	Adj:Mas+SG
laboure	labourer	Ver:IPre+SG+P1:IPre+SG+P3:SPre+SG+P1:SPre+SG+P3:ImPre+SG+P2
laboure	labourer	Ver:PPas+Mas+SG
labourent	labourer	Ver:IPre+PL+P3:SPre+PL+P3
laboureraient	labourer	Ver:CPre+PL+P3
labourerai	labourer	Ver:IFut+SG+P1
labourerais	labourer	Ver:CPre+SG+P1:CPre+SG+P2
labourerait	labourer	Ver:CPre+SG+P3
labourera	labourer	Ver:IFut+SG+P3
laboureras	labourer	Ver:IFut+SG+P2
labourerent	labourer	Ver:IPSim+PL+P3
labourerez	labourer	Ver:IFut+PL+P2
laboureriez	labourer	Ver:CPre+PL+P2
labourerions	labourer	Ver:CPre+PL+P1
labourerons	labourer	Ver:IFut+PL+P1
laboureront	labourer	Ver:IFut+PL+P3
laboures	laboure	Adj:Mas+PL
laboures	labourer	Ver:IPre+SG+P2:SPre+SG+P2
laboures	labourer	Ver:PPas+Mas+PL
laboureur	laboureur	Nom:Mas+SG
laboureurs	laboureur	Nom:Mas+PL
labourez	labourer	Ver:IPre+PL+P2:ImPre+PL+P2
labouriez	labourer	Ver:IImp+PL+P2:SPre+PL+P2
labourions	labourer	Ver:IImp+PL+P1:SPre+PL+P1
labour	labour	Nom:Mas+SG
labourons	labourer	Ver:IPre+PL+P1:ImPre+PL+P1
labours	labour	Nom:Mas+PL
labrador	labrador	Nom:Mas+SG
labradors	labrador	Nom:Mas+PL
labre	labre	Nom:Mas+SG
labri	labri	Nom:Mas+SG
labrit	labrit	Nom:Mas+SG
labyrinthe	labyrinthe	Nom:Mas+SG
labyrinthes	labyrinthe	Nom:Mas+PL
labyrinthique	labyrinthique	Adj:InvGen+SG
labyrinthite	labyrinthite	Nom:Fem+SG
labyrinthodon	labyrinthodon	Nom:Mas+SG
labyrinthodonte	labyrinthodonte	Nom:Mas+SG
labyrinthodontes	labyrinthodonte	Nom:Mas+PL
lacage	lacage	Nom:Mas+SG
lacages	lacage	Nom:Mas+PL
lacaient	lacer	Ver:IImp+PL+P3
lacai	lacer	Ver:IPSim+SG+P1
lacais	lacer	Ver:IImp+SG+P1:IImp+SG+P2
lacait	lacer	Ver:IImp+SG+P3
laca	lacer	Ver:IPSim+SG+P3
lacames	lacer	Ver:IPSim+PL+P1
lacant	lacer	Ver:PPre
lacas	lacer	Ver:IPSim+SG+P2
lacasse	lacer	Ver:SImp+SG+P1
lacassent	lacer	Ver:SImp+PL+P3
lacasses	lacer	Ver:SImp+SG+P2
lacassiez	lacer	Ver:SImp+PL+P2
lacassions	lacer	Ver:SImp+PL+P1
lacates	lacer	Ver:IPSim+PL+P2
lacat	lacer	Ver:SImp+SG+P3
laccase	laccase	Nom:Fem+SG
laccolite	laccolite	Nom:Mas+SG
laccolithe	laccolithe	Nom:Fem+SG
lacedemonien	lacedemonien	Adj:Mas+SG
lacedemonien	lacedemonien	Nom:Mas+SG
lacedemonienne	lacedemonien	Adj:Fem+SG
lacedemonienne	lacedemonien	Nom:Fem+SG
lacedemoniennes	lacedemonien	Adj:Fem+PL
lacedemoniennes	lacedemonien	Nom:Fem+PL
lacee	lacer	Ver:PPas+Fem+SG
lacees	lacer	Ver:PPas+Fem+PL
lace	lace	Nom:Mas+SG
lace	lacer	Ver:IPre+SG+P1:IPre+SG+P3:SPre+SG+P1:SPre+SG+P3:ImPre+SG+P2
lace	lacer	Ver:PPas+Mas+SG
lacement	lacement	Nom:Mas+SG
lacent	lacer	Ver:IPre+PL+P3:SPre+PL+P3
laceraient	lacerer	Ver:IImp+PL+P3
laceraient	lacer	Ver:CPre+PL+P3
lacerai	lacerer	Ver:IPSim+SG+P1
lacerai	lacer	Ver:IFut+SG+P1
lacerais	lacerer	Ver:IImp+SG+P1:IImp+SG+P2
lacerais	lacer	Ver:CPre+SG+P1:CPre+SG+P2
lacerait	lacerer	Ver:IImp+SG+P3
lacerait	lacer	Ver:CPre+SG+P3
lacera	lacerer	Ver:IPSim+SG+P3
lacera	lacer	Ver:IFut+SG+P3
lacerames	lacerer	Ver:IPSim+PL+P1
lacerant	lacerer	Ver:PPre
laceras	lacerer	Ver:IPSim+SG+P2
laceras	lacer	Ver:IFut+SG+P2
lacerasse	lacerer	Ver:SImp+SG+P1
lacerassent	lacerer	Ver:SImp+PL+P3
lacerasses	lacerer	Ver:SImp+SG+P2
lacerassiez	lacerer	Ver:SImp+PL+P2
lacerassions	lacerer	Ver:SImp+PL+P1
lacerates	lacerer	Ver:IPSim+PL+P2
laceration	laceration	Nom:Fem+SG
lacerations	laceration	Nom:Fem+PL
lacerat	lacerer	Ver:SImp+SG+P3
laceree	lacerer	Ver:PPas+Fem+SG
lacerees	lacerer	Ver:PPas+Fem+PL
lacere	lacerer	Ver:IPre+SG+P1:IPre+SG+P3:SPre+SG+P1:SPre+SG+P3:ImPre+SG+P2
lacere	lacerer	Ver:PPas+Mas+SG
lacerent	lacerer	Ver:IPre+PL+P3:SPre+PL+P3
lacerent	lacer	Ver:IPSim+PL+P3
lacereraient	lacerer	Ver:CPre+PL+P3
lacererai	lacerer	Ver:IFut+SG+P1
lacererais	lacerer	Ver:CPre+SG+P1:CPre+SG+P2
lacererait	lacerer	Ver:CPre+SG+P3
lacerera	lacerer	Ver:IFut+SG+P3
laceres	lacerer	Ver:IPre+SG+P2:SPre+SG+P2
laceres	lacerer	Ver:PPas+Mas+PL
lacerez	lacerer	Ver:IPre+PL+P2:ImPre+PL+P2
lacerez	lacer	Ver:IFut+PL+P2
lacerie	lacerie	Nom:Fem+SG
moelleusement	moelleusement	Adv
moelleuse	moelleux	Adj:Fem+SG
moelleuses	moelleux	Adj:Fem+PL
moelleux	moelleux	Adj:Mas+InvPL
moellon	moellon	Nom:Mas+SG
moellons	moellon	Nom:Mas+PL
moere	moere	Nom:Fem+SG
moeres	moere	Nom:Fem+PL
moeurs	moeurs	Nom:Fem+PL
mofette	mofette	Nom:Fem+SG
mohair	mohair	Nom:Mas+SG
moie	moie	Nom:Fem+SG
moie	moyer	Ver:IPre+SG+P1:IPre+SG+P3:SPre+SG+P1:SPre+SG+P3:ImPre+SG+P2
moies	moie	Nom:Fem+PL
moies	moyer	Ver:IPre+SG+P2:SPre+SG+P2
moignon	moignon	Nom:Mas+SG
moignons	moignon	Nom:Mas+PL
moi	moi	Nom:Mas+SG
moi	moi	Pro:SG+P1
moindrement	moindrement	Adv
moindre	moindre	Adj:InvGen+SG
moindres	moindre	Adj:InvGen+PL
moineau	moineau	Nom:Mas+SG
moineaux	moineau	Nom:Mas+PL
moine	moine	Nom:Mas+SG
moinerie	moinerie	Nom:Fem+SG
moines	moine	Nom:Mas+PL
moinillon	moinillon	Nom:Mas+SG
moinillons	moinillon	Nom:Mas+PL
moins	moins	Adv
moins	moins	Det:InvGen+SG:InvGen+PL
moins	moins	Nom:InvGen+SG:InvGen+PL
moins	moins	Nom:Mas+InvPL
moins-percu	moins-percu	Nom:Mas+SG
moirage	moirage	Nom:Mas+SG
moirages	moirage	Nom:Mas+PL
moiraient	moirer	Ver:IImp+PL+P3
moirai	moirer	Ver:IPSim+SG+P1
moirais	moirer	Ver:IImp+SG+P1:IImp+SG+P2
moirait	moirer	Ver:IImp+SG+P3
moirames	moirer	Ver:IPSim+PL+P1
moira	moirer	Ver:IPSim+SG+P3
moirant	moirer	Ver:PPre
moiras	moirer	Ver:IPSim+SG+P2
moirasse	moirer	Ver:SImp+SG+P1
moirassent	moirer	Ver:SImp+PL+P3
moirasses	moirer	Ver:SImp+SG+P2
moirassiez	moirer	Ver:SImp+PL+P2
moirassions	moirer	Ver:SImp+PL+P1
moirates	moirer	Ver:IPSim+PL+P2
moirat	moirer	Ver:SImp+SG+P3
moiree	moire	Adj:Fem+SG
moiree	moirer	Ver:PPas+Fem+SG
moirees	moire	Adj:Fem+PL
moirees	moirer	Ver:PPas+Fem+PL
moire	moire	Adj:Mas+SG
moire	moire	Nom:Fem+SG
moire	moire	Nom:Mas+SG
moire	moirer	Ver:IPre+SG+P1:IPre+SG+P3:SPre+SG+P1:SPre+SG+P3:ImPre+SG+P2
moire	moirer	Ver:PPas+Mas+SG
moirent	moirer	Ver:IPre+PL+P3:SPre+PL+P3
moireraient	moirer	Ver:CPre+PL+P3
moirerai	moirer	Ver:IFut+SG+P1
moirerais	moirer	Ver:CPre+SG+P1:CPre+SG+P2
moires	moire	Nom:Fem+PL
moires	moire	Nom:Mas+PL
moires	moirer	Ver:IPre+SG+P2:SPre+SG+P2
moires	moirer	Ver:PPas+Mas+PL
moirez	moirer	Ver:IPre+PL+P2:ImPre+PL+P2
moiriez	moirer	Ver:IImp+PL+P2:SPre+PL+P2
moirions	moirer	Ver:IImp+PL+P1:SPre+PL+P1
moirons	moirer	Ver:IPre+PL+P1:ImPre+PL+P1
moirure	moirure	Nom:Fem+SG
moirures	moirure	Nom:Fem+PL
moirures	moirures	Nom:Fem+PL
moisaient	moiser	Ver:IImp+PL+P3
moisai	moiser	Ver:IPSim+SG+P1
moisais	moiser	Ver:IImp+SG+P1:IImp+SG+P2
moisait	moiser	Ver:IImp+SG+P3
moisames	moiser	Ver:IPSim+PL+P1
moisa	moiser	Ver:IPSim+SG+P3
moisant	moiser	Ver:PPre
moisas	moiser	Ver:IPSim+SG+P2
moisasse	moiser	Ver:SImp+SG+P1
moisassent	moiser	Ver:SImp+PL+P3
moisasses	moiser	Ver:SImp+SG+P2
moisassiez	moiser	Ver:SImp+PL+P2
moisassions	moiser	Ver:SImp+PL+P1
moisies	moisi	Adj:Fem+PL
moisies	moisir	Ver:PPas+Fem+PL
moisiez	moiser	Ver:IImp+PL+P2:SPre+PL+P2
moisimes	moisir	Ver:IPSim+PL+P1
moisi	moisi	Adj:Mas+SG
moisi	moisi	Nom:Mas+SG
moisi	moisir	Ver:PPas+Mas+SG
moisions	moiser	Ver:IImp+PL+P1:SPre+PL+P1
moisiraient	moisir	Ver:CPre+PL+P3
moisirai	moisir	Ver:IFut+SG+P1
moisirais	moisir	Ver:CPre+SG+P1:CPre+SG+P2
moisirait	moisir	Ver:CPre+SG+P3
moisis	moisi	Adj:Mas+PL
moisis	moisir	Ver:IPre+SG+P1:IPre+SG+P2:IPSim+SG+P1:IPSim+SG+P2:ImPre+SG+P2
moisis	moisir	Ver:PPas+Mas+PL:IPre+SG+P1:IPre+SG+P2:IPSim+SG+P1:IPSim+SG+P2:ImPre+SG+P2
moisissaient	moisir	Ver:IImp+PL+P3
moisissais	moisir	Ver:IImp+SG+P1:IImp+SG+P2
moisissait	moisir	Ver:IImp+SG+P3
moisissant	moisir	Ver:PPre
moisissant	moisir	Ver:PPre
moisissant	moisir	Ver:PPre+Mas+SG
moisisse	moisir	Ver:SPre+SG+P1:SPre+SG+P3:SImp+SG+P1
moisissent	moisir	Ver:IPre+PL+P3:SPre+PL+P3:SImp+PL+P3
moisisses	moisir	Ver:SPre+SG+P2:SImp+SG+P2
moisissez	moisir	Ver:IPre+PL+P2:ImPre+PL+P2
moisissiez	moisir	Ver:IImp+PL+P2:SPre+PL+P2:SImp+PL+P2
moisissions	moisir	Ver:IImp+PL+P1:SPre+PL+P1:SImp+PL+P1
moisissons	moisir	Ver:IPre+PL+P1:ImPre+PL+P1
moisissure	moisissure	Nom:Fem+SG
moisissures	moisissure	Nom:Fem+PL
moisites	moisir	Ver:IPSim+PL+P2
moisit	moisir	Ver:IPre+SG+P3:IPSim+SG+P3
moisit	moisir	Ver:SImp+SG+P3
mois	mois	Nom:Mas+InvPL
moisons	moiser	Ver:IPre+PL+P1:ImPre+PL+P1
moissine	moissine	Nom:Fem+SG
moissines	moissine	Nom:Fem+PL
moisson	moisson	Nom:Fem+SG
moissonnage	moissonnage	Nom:Mas+SG
moissonnages	moissonnage	Nom:Mas+PL
moissonnaient	moissonner	Ver:IImp+PL+P3
moissonnai	moissonner	Ver:IPSim+SG+P1
moissonnais	moissonner	Ver:IImp+SG+P1:IImp+SG+P2
moissonnait	moissonner	Ver:IImp+SG+P3
moissonnames	moissonner	Ver:IPSim+PL+P1
moissonna	moissonner	Ver:IPSim+SG+P3
moissonnant	moissonner	Ver:PPre
moissonnas	moissonner	Ver:IPSim+SG+P2
moissonnasse	moissonner	Ver:SImp+SG+P1
moissonnassent	moissonner	Ver:SImp+PL+P3
moissonnasses	moissonner	Ver:SImp+SG+P2
moissonnassiez	moissonner	Ver:SImp+PL+P2
moissonnassions	moissonner	Ver:SImp+PL+P1
moissonnates	moissonner	Ver:IPSim+PL+P2
moissonnat	moissonner	Ver:SImp+SG+P3
moissonnee	moissonner	Ver:PPas+Fem+SG
moissonnees	moissonner	Ver:PPas+Fem+PL
moissonne	moissonner	Ver:IPre+SG+P1:IPre+SG+P3:SPre+SG+P1:SPre+SG+P3:ImPre+SG+P2
moissonne	moissonner	Ver:PPas+Mas+SG
moissonneuse	moissonneuse	Adj:Fem+SG
moissonneuse	moissonneuse	Nom:Fem+SG
moissonneuses	moissonneur	Nom:Fem+PL
moissonneuses	moissonneuse	Adj:Fem+PL
moissonneuses	moissonneuse	Nom:Fem+PL
moissonnez	moissonner	Ver:IPre+PL+P2:ImPre+PL+P2
moissonniez	moissonner	Ver:IImp+PL+P2:SPre+PL+P2
moissonnions	moissonner	Ver:IImp+PL+P1:SPre+PL+P1
moissonnons	moissonner	Ver:IPre+PL+P1:ImPre+PL+P1
moissons	moisson	Nom:Fem+PL
moite	moite	Adj:InvGen+SG
moites	moite	Adj:InvGen+PL
moiteur	moiteur	Nom:Fem+SG
moiteurs	moiteur	Nom:Fem+PL
moitie	moitie	Nom:Fem+SG
moitie	moitir	Ver:PPas+Fem+SG
moities	moitie	Nom:Fem+PL
moities	moitir	Ver:PPas+Fem+PL
moitimes	moitir	Ver:IPSim+PL+P1
moiti	moitir	Ver:PPas
moiti	moitir	Ver:PPas+Mas+SG
moitiraient	moitir	Ver:CPre+PL+P3
moitirai	moitir	Ver:IFut+SG+P1
moitirais	moitir	Ver:CPre+SG+P1
moitirais	moitir	Ver:CPre+SG+P2
moitis	moitir	Ver:PPas+Mas+PL
moitis	moitir	Ver:IPSim+SG+P1
moitis	moitir	Ver:IPSim+SG+P2
moitissaient	moitir	Ver:IImp+PL+P3
moitissais	moitir	Ver:IImp+SG+P1
moitissais	moitir	Ver:IImp+SG+P2
moitissait	moitir	Ver:IImp+SG+P3
moitissant	moitir	Ver:PPre
moitissant	moitir	Ver:PPre+Mas+SG
moitisse	moitir	Ver:SImp+SG+P1
moitisse	moitir	Ver:SPre+SG+P1
moitisse	moitir	Ver:SPre+SG+P3
moitissent	moitir	Ver:IPre+PL+P3
moitissent	moitir	Ver:SImp+PL+P3
moitissent	moitir	Ver:SPre+PL+P3
moitisses	moitir	Ver:SImp+SG+P2
moitisses	moitir	Ver:SPre+SG+P2
moitissez	moitir	Ver:Imp+PL+P2
moitissez	moitir	Ver:IPre+PL+P2
moitissiez	moitir	Ver:IImp+PL+P2
moitissiez	moitir	Ver:SImp+PL+P2
moitissiez	moitir	Ver:SPre+PL+P2
moitissions	moitir	Ver:IImp+PL+P1
moitissions	moitir	Ver:SImp+PL+P1
moitissions	moitir	Ver:SPre+PL+P1
moitissons	moitir	Ver:Imp+PL+P1
moitissons	moitir	Ver:IPre+PL+P1
moitites	moitir	Ver:IPSim+PL+P2
moitit	moitir	Ver:IPre+SG+P3
moitit	moitir	Ver:IPSim+SG+P3
moitit	moitir	Ver:SImp+SG+P3
moi-meme	moi	NNom+InvGen+SG+P1+PProRefl
moka	moka	Nom:Mas+SG
mokas	moka	Nom:Mas+PL
molaire	molaire	Adj:InvGen+SG
molaire	molaire	Nom:Fem+SG
molaires	molaire	Adj:InvGen+PL
molaires	molaire	Nom:Fem+PL
molasse	molasse	Nom:Fem+SG
moldave	moldave	Adj:InvGen+SG
moldave	moldave	Nom:InvGen+SG
moldaves	moldave	Adj:InvGen+PL
moldaves	moldave	Nom:InvGen+PL
moleculaire	moleculaire	Adj:InvGen+SG
moleculaires	moleculaire	Adj:InvGen+PL
molecule	molecule	Nom:Fem+SG
molecules	molecule	Nom:Fem+PL
mole	mole	Nom:Fem+SG
mole	mole	Nom:Mas+SG
molene	molene	Nom:Fem+SG
moleskine	moleskine	Nom:Fem+SG
moles	mole	Nom:Fem+PL
moles	mole	Nom:Mas+PL
molestaient	molester	Ver:IImp+PL+P3
molestai	molester	Ver:IPSim+SG+P1
molestais	molester	Ver:IImp+SG+P1:IImp+SG+P2
molestait	molester	Ver:IImp+SG+P3
molestames	molester	Ver:IPSim+PL+P1
molesta	molester	Ver:IPSim+SG+P3
molestant	molester	Ver:PPre
molestas	molester	Ver:IPSim+SG+P2
molestasse	molester	Ver:SImp+SG+P1
molestassent	molester	Ver:SImp+PL+P3
molestasses	molester	Ver:SImp+SG+P2
molestassiez	molester	Ver:SImp+PL+P2
molestassions	molester	Ver:SImp+PL+P1
molestates	molester	Ver:IPSim+PL+P2
molestation	molestation	Nom:Fem+SG
molestations	molestation	Nom:Fem+PL
molestat	molester	Ver:SImp+SG+P3
molestee	molester	Ver:PPas+Fem+SG
molestees	molester	Ver:PPas+Fem+PL
moleste	molester	Ver:IPre+SG+P1:IPre+SG+P3:SPre+SG+P1:SPre+SG+P3:ImPre+SG+P2
moleste	molester	Ver:PPas+Mas+SG
molestent	molester	Ver:IPre+PL+P3:SPre+PL+P3
molesteraient	molester	Ver:CPre+PL+P3
molesterai	molester	Ver:IFut+SG+P1
molesterais	molester	Ver:CPre+SG+P1:CPre+SG+P2
molesterait	molester	Ver:CPre+SG+P3
molestes	molester	Ver:SPre+SG+P2
molestez	molester	Ver:IPre+PL+P2:ImPre+PL+P2
molestiez	molester	Ver:IImp+PL+P2:SPre+PL+P2
molestions	molester	Ver:IImp+PL+P1:SPre+PL+P1
molestons	molester	Ver:IPre+PL+P1:ImPre+PL+P1
moletage	moletage	Nom:Mas+SG
moletages	moletage	Nom:Mas+PL
moletaient	moleter	Ver:IImp+PL+P3
moletai	moleter	Ver:IPSim+SG+P1
moletais	moleter	Ver:IImp+SG+P1:IImp+SG+P2
moletait	moleter	Ver:IImp+SG+P3
moletames	moleter	Ver:IPSim+PL+P1
moleta	moleter	Ver:IPSim+SG+P3
moletant	moleter	Ver:PPre
moletas	moleter	Ver:IPSim+SG+P2
moletasse	moleter	Ver:SImp+SG+P1
moletassent	moleter	Ver:SImp+PL+P3
moletasses	moleter	Ver:SImp+SG+P2
moletassiez	moleter	Ver:SImp+PL+P2
moletassions	moleter	Ver:SImp+PL+P1
moletates	moleter	Ver:IPSim+PL+P2
moletat	moleter	Ver:SImp+SG+P3
molete	molete	Adj:Mas+SG
molete	moleter	Ver:PPas+Mas+SG
moletons	moleter	Ver:IPre+PL+P1:ImPre+PL+P1
molette	moleter	Ver:IPre+SG+P1:IPre+SG+P3:SPre+SG+P1:SPre+SG+P3:ImPre+SG+P2
molette	molette	Nom:Fem+SG
molette	moletter	Ver:IPre+SG+P1:IPre+SG+P3:SPre+SG+P1:SPre+SG+P3:ImPre+SG+P2
molettent	moleter	Ver:IPre+PL+P3:SPre+PL+P3
molettent	moletter	Ver:IPre+PL+P3:SPre+PL+P3
moletteraient	moleter	Ver:CPre+PL+P3
moletteraient	moletter	Ver:CPre+PL+P3
moletterai	moleter	Ver:IFut+SG+P1
moletterai	moletter	Ver:IFut+SG+P1
moletterais	moleter	Ver:CPre+SG+P1:CPre+SG+P2
moletterais	moletter	Ver:CPre+SG+P1:CPre+SG+P2
moletterait	moleter	Ver:CPre+SG+P3
moletterait	moletter	Ver:CPre+SG+P3
molettera	moleter	Ver:IFut+SG+P3
molettera	moletter	Ver:IFut+SG+P3
moletteras	moleter	Ver:IFut+SG+P2
moletteras	moletter	Ver:IFut+SG+P2
moletterez	moleter	Ver:IFut+PL+P2
moletterez	moletter	Ver:IFut+PL+P2
moletteriez	moleter	Ver:CPre+PL+P2
moletteriez	moletter	Ver:CPre+PL+P2
moletterions	moleter	Ver:CPre+PL+P1
moletterions	moletter	Ver:CPre+PL+P1
moletterons	moleter	Ver:IFut+PL+P1
moletterons	moletter	Ver:IFut+PL+P1
moletteront	moleter	Ver:IFut+PL+P3
moletteront	moletter	Ver:IFut+PL+P3
molettes	moleter	Ver:IPre+SG+P2:SPre+SG+P2
molettes	molette	Nom:Fem+PL
molettes	moletter	Ver:IPre+SG+P2:SPre+SG+P2
molieresque	molieresque	Adj:InvGen+SG
molieresques	molieresque	Adj:InvGen+PL
molinisme	molinisme	Nom:Mas+SG
molinismes	molinisme	Nom:Mas+PL
moliniste	moliniste	Adj:InvGen+SG
moliniste	moliniste	Nom:InvGen+SG
molinistes	moliniste	Adj:InvGen+PL
molinistes	moliniste	Nom:InvGen+PL
molinosisme	molinosisme	Nom:Mas+SG
molinosismes	molinosisme	Nom:Mas+PL
molinosiste	molinosiste	Adj:InvGen+SG
molinosistes	molinosiste	Adj:InvGen+PL
mollassonne	mollasson	Nom:Fem+SG
mollassonnes	mollasson	Nom:Fem+PL
mollement	mollement	Adv
molle	mou	Adj:Fem+SG
molles	molle	Nom:Mas+PL
molles	mou	Adj:Fem+PL
mollesse	mollesse	Nom:Fem+SG
mollesses	mollesse	Nom:Fem+PL
molletiere	molletiere	Nom:Fem+SG
molletieres	molletiere	Nom:Fem+PL
mollet	mollet	Adj:Mas+SG
mollet	mollet	Nom:Mas+SG
molleton	molleton	Nom:Mas+SG
molletonnant	molletonner	Ver:PPre
molletonnee	molletonne	Adj:Fem+SG
molletonnee	molletonner	Ver:PPas+Fem+SG
molletonnes	molletonner	Ver:PPas+Mas+PL
molletonneuse	molletonneux	Adj:Fem+SG
molletonneuses	molletonneux	Adj:Fem+PL
molletonneux	molletonneux	Adj:Mas+InvPL
molletons	molleton	Nom:Mas+PL
mollets	mollet	Adj:Mas+PL
mollets	mollet	Nom:Mas+PL
mollette	mollet	Adj:Fem+SG
mollette	molletter	Ver:IPre+SG+P1:IPre+SG+P3:SPre+SG+P1:SPre+SG+P3:ImPre+SG+P2
mollettes	mollet	Adj:Fem+PL
mollettes	molletter	Ver:IPre+SG+P2:SPre+SG+P2
mollie	mollir	Ver:PPas+Fem+SG
mollies	mollir	Ver:PPas+Fem+PL
mollimes	mollir	Ver:IPSim+PL+P1
molli	mollir	Ver:PPas+Mas+SG
molliraient	mollir	Ver:CPre+PL+P3
mollirai	mollir	Ver:IFut+SG+P1
mollirais	mollir	Ver:CPre+SG+P1:CPre+SG+P2
mollirait	mollir	Ver:CPre+SG+P3
mollira	mollir	Ver:IFut+SG+P3
molliras	mollir	Ver:IFut+SG+P2
mollirent	mollir	Ver:IPSim+PL+P3
mollirez	mollir	Ver:IFut+PL+P2
molliront	mollir	Ver:IFut+PL+P3
mollis	mollir	Ver:IPre+SG+P1:IPre+SG+P2:IPSim+SG+P1:IPSim+SG+P2:ImPre+SG+P2
mollis	mollir	Ver:PPas+Mas+PL:IPre+SG+P1:IPre+SG+P2:IPSim+SG+P1:IPSim+SG+P2:ImPre+SG+P2
mollissaient	mollir	Ver:IImp+PL+P3
mollissais	mollir	Ver:IImp+SG+P1:IImp+SG+P2
mollissait	mollir	Ver:IImp+SG+P3
mollissant	mollir	Ver:PPre
mollissant	mollir	Ver:PPre
mollissant	mollir	Ver:PPre+Mas+SG
mollisse	mollir	Ver:SPre+SG+P1:SPre+SG+P3:SImp+SG+P1
mollissent	mollir	Ver:IPre+PL+P3:SPre+PL+P3:SImp+PL+P3
mollisses	mollir	Ver:SPre+SG+P2:SImp+SG+P2
mollissez	mollir	Ver:IPre+PL+P2:ImPre+PL+P2
mollissiez	mollir	Ver:IImp+PL+P2:SPre+PL+P2:SImp+PL+P2
mollissions	mollir	Ver:IImp+PL+P1:SPre+PL+P1:SImp+PL+P1
mollissons	mollir	Ver:IPre+PL+P1:ImPre+PL+P1
mollites	mollir	Ver:IPSim+PL+P2
mollit	mollir	Ver:IPre+SG+P3:IPSim+SG+P3
mollit	mollir	Ver:SImp+SG+P3
mollo	mollo	Adv
molluscum	molluscum	Nom:Mas+SG
molluscums	molluscum	Nom:Mas+PL
mollusque	mollusque	Nom:Mas+SG
mollusques	mollusque	Nom:Mas+PL
mol	mol	Adj:Mas+SG
moloch	moloch	Nom:Mas+SG
molosse	molosse	Nom:Mas+SG
molosses	molosse	Nom:Mas+PL
molybdene	molybdene	Nom:Mas+SG
moly	moly	Nom:Mas+SG
mome	mome	Adj:InvGen+SG
momentanee	momentane	Adj:Fem+SG
momentanee	momentanee	Nom:Fem+SG
momentanees	momentane	Adj:Fem+PL
momentanees	momentanee	Nom:Fem+PL
momentanement	momentanement	Adv
momentane	momentane	Adj:Mas+SG
momentanes	momentane	Adj:Mas+PL
moment	moment	Nom:Mas+SG
moments	moment	Nom:Mas+PL
momerie	momerie	Nom:Fem+SG
momes	mome	Nom:InvGen+PL
momie	momie	Nom:Fem+SG
momordique	momordique	Nom:Fem+SG
momordiques	momordique	Nom:Fem+PL
monacale	monacal	Adj:Fem+SG
monacales	monacal	Adj:Fem+PL
monacal	monacal	Adj:Mas+SG
monacaux	monacal	Adj:Mas+PL
monachisme	monachisme	Nom:Mas+SG
monadelphe	monadelphe	Adj:InvGen+SG
monadelphes	monadelphe	Adj:InvGen+PL
monade	monade	Nom:Fem+SG
monadisme	monadisme	Nom:Mas+SG
monadismes	monadisme	Nom:Mas+PL
monanthe	monanthe	Adj:InvGen+SG
monarchie	monarchie	Nom:Fem+SG
monarchiens	monarchien	Adj:Mas+PL
monarchiens	monarchien	Nom:Mas+PL
monarchies	monarchie	Nom:Fem+PL
monarchique	monarchique	Adj:InvGen+SG
monarchiques	monarchique	Adj:InvGen+PL
monarchisme	monarchisme	Nom:Mas+SG
monarchiste	monarchiste	Adj:InvGen+SG
monarchiste	monarchiste	Nom:InvGen+SG
monarchistes	monarchiste	Adj:InvGen+PL
monarchistes	monarchiste	Nom:InvGen+PL
monarque	monarque	Nom:Mas+SG
monarques	monarque	Nom:Mas+PL
monastere	monastere	Nom:Mas+SG
monasteres	monastere	Nom:Mas+PL
monastique	monastique	Adj:InvGen+SG
monastiques	monastique	Adj:InvGen+PL
monazite	monazite	Nom:Fem+SG
monazites	monazite	Nom:Fem+PL
monceau	monceau	Nom:Mas+SG
monceaux	monceau	Nom:Mas+PL
mondaient	monder	Ver:IImp+PL+P3
mondai	monder	Ver:IPSim+SG+P1
mondaine	mondain	Adj:Fem+SG
mondaine	mondaine	Nom:Fem+SG
mondaine	mondain	Nom:Fem+SG
mondaines	mondain	Adj:Fem+PL
mondaines	mondain	Nom:Fem+PL
mondain	mondain	Adj:Mas+SG
mondain	mondain	Nom:Mas+SG
mondains	mondain	Adj:Mas+PL
mondains	mondain	Nom:Mas+PL
mondais	monder	Ver:IImp+SG+P1:IImp+SG+P2
mondait	monder	Ver:IImp+SG+P3
mondames	monder	Ver:IPSim+PL+P1
monda	monder	Ver:IPSim+SG+P3
mondanite	mondanite	Nom:Fem+SG
mondanites	mondanite	Nom:Fem+PL
mondanites	mondanites	Nom:Fem+PL
mondant	monder	Ver:PPre
mondant	monder	Ver:PPre+Mas+SG
mondas	monder	Ver:IPSim+SG+P2
mondasse	monder	Ver:SImp+SG+P1
mondassent	monder	Ver:SImp+PL+P3
mondasses	monder	Ver:SImp+SG+P2
mondassiez	monder	Ver:SImp+PL+P2
mondassions	monder	Ver:SImp+PL+P1
mondates	monder	Ver:IPSim+PL+P2
mondat	monder	Ver:SImp+SG+P3
monde	monde	Nom:Mas+SG
monde	monder	Ver:IPre+SG+P1:IPre+SG+P3:SPre+SG+P1:SPre+SG+P3:ImPre+SG+P2
mondent	monder	Ver:IPre+PL+P3:SPre+PL+P3
monderaient	monder	Ver:CPre+PL+P3
monderai	monder	Ver:IFut+SG+P1
monderais	monder	Ver:CPre+SG+P1:CPre+SG+P2
monderait	monder	Ver:CPre+SG+P3
mondera	monder	Ver:IFut+SG+P3
monderas	monder	Ver:IFut+SG+P2
mondes	monder	Ver:IPre+SG+P2:SPre+SG+P2
mondes	monder	Ver:PPas+Mas+PL
mondez	monder	Ver:IPre+PL+P2:ImPre+PL+P2
mondialement	mondialement	Adv
mondiale	mondial	Adj:Fem+SG
mondiales	mondial	Adj:Fem+PL
mondialisation	mondialisation	Nom:Fem+SG
mondial	mondial	Adj:Mas+SG
mondiaux	mondial	Adj:Mas+PL
mondiez	monder	Ver:IImp+PL+P2:SPre+PL+P2
mondions	monder	Ver:IImp+PL+P1:SPre+PL+P1
mondiste	mondiste	Adj:InvGen+SG
mondons	monder	Ver:IPre+PL+P1:ImPre+PL+P1
mondovision	mondovision	Nom:Fem+SG
monegasque	monegasque	Adj:InvGen+SG
monegasques	monegasque	Adj:InvGen+PL
monegasques	monegasque	Nom:InvGen+PL
monel	monel	Nom:Mas+SG
monels	monel	Nom:Mas+PL
moneme	moneme	Nom:Mas+SG
monetaire	monetaire	Adj:InvGen+SG
monetaires	monetaire	Adj:InvGen+PL
monetarisme	monetarisme	Nom:Mas+SG
monetariste	monetariste	Adj:InvGen+SG
monetaristes	monetariste	Adj:InvGen+PL
monetique	monetique	Nom:Fem+SG
monetisant	monetiser	Ver:PPre
monetisations	monetisation	Nom:Fem+PL
monetisee	monetiser	Ver:PPas+Fem+SG
monetisees	monetiser	Ver:PPas+Fem+PL
mongoles	mongol	Adj:Fem+PL
mongolien	mongolien	Adj:Mas+SG
mongolienne	mongolien	Adj:Fem+SG
mongolienne	mongolien	Nom:Fem+SG
mongoliennes	mongolien	Adj:Fem+PL
mongoliennes	mongolien	Nom:Fem+PL
mongoliens	mongolien	Adj:Mas+PL
mongolique	mongolique	Adj:InvGen+SG
mongoliques	mongolique	Adj:InvGen+PL
mongolisme	mongolisme	Nom:Mas+SG
mongol	mongol	Adj:Mas+SG
mongoloide	mongoloide	Adj:InvGen+SG
mongoloides	mongoloide	Adj:InvGen+PL
mongols	mongol	Adj:Mas+PL
moniale	monial	Adj:Fem+SG
moniale	moniale	Nom:Fem+SG
moniales	monial	Adj:Fem+PL
moniales	moniale	Nom:Fem+PL
monial	monial	Adj:Mas+SG
moniaux	monial	Adj:Mas+PL
monilia	monilia	Nom:Mas+SG
monilias	monilia	Nom:Mas+PL
monisme	monisme	Nom:Mas+SG
moniste	moniste	Adj:InvGen+SG
monistes	moniste	Adj:InvGen+PL
monistes	moniste	Nom:InvGen+PL
moniteur	moniteur	Nom:Mas+SG
moniteurs	moniteur	Nom:Mas+PL
monition	monition	Nom:Fem+SG
monitoire	monitoire	Adj:InvGen+SG
monitoire	monitoire	Nom:Mas+SG
monitorage	monitorage	Nom:Mas+SG
monitorat	monitorat	Nom:Mas+SG
monitoring	monitoring	Nom:Mas+SG
monitorings	monitoring	Nom:Mas+PL
monitor	monitor	Nom:Mas+SG
monitors	monitor	Nom:Mas+PL
monitrice	moniteur	Nom:Fem+SG
monitrices	moniteur	Nom:Fem+PL
mon	mon	Det:Mas+SG
monnaie	monnaie	Nom:Fem+SG
monnaie	monnayer	Ver:IPre+SG+P1:IPre+SG+P3:SPre+SG+P1:SPre+SG+P3:ImPre+SG+P2
monnaient	monnayer	Ver:IPre+PL+P3:SPre+PL+P3
monnaieraient	monnayer	Ver:CPre+PL+P3
monnaierai	monnayer	Ver:IFut+SG+P1
monnaierais	monnayer	Ver:CPre+SG+P1:CPre+SG+P2
monnaierait	monnayer	Ver:CPre+SG+P3
monnaiera	monnayer	Ver:IFut+SG+P3
monnaieras	monnayer	Ver:IFut+SG+P2
monnaierez	monnayer	Ver:IFut+PL+P2
monnaieriez	monnayer	Ver:CPre+PL+P2
monnaierions	monnayer	Ver:CPre+PL+P1
monnaierons	monnayer	Ver:IFut+PL+P1
monnaieront	monnayer	Ver:IFut+PL+P3
monnaies	monnaie	Nom:Fem+PL
monnaies	monnayer	Ver:IPre+SG+P2:SPre+SG+P2
monnayable	monnayable	Adj:InvGen+SG
monnayables	monnayable	Adj:InvGen+PL
monnayage	monnayage	Nom:Mas+SG
monnayages	monnayage	Nom:Mas+PL
monnayaient	monnayer	Ver:IImp+PL+P3
monnayai	monnayer	Ver:IPSim+SG+P1
monnayais	monnayer	Ver:IImp+SG+P1:IImp+SG+P2
monnayait	monnayer	Ver:IImp+SG+P3
monnayames	monnayer	Ver:IPSim+PL+P1
monnaya	monnayer	Ver:IPSim+SG+P3
monnayant	monnayer	Ver:PPre
monnayas	monnayer	Ver:IPSim+SG+P2
monnayasse	monnayer	Ver:SImp+SG+P1
monnayassent	monnayer	Ver:SImp+PL+P3
monnayasses	monnayer	Ver:SImp+SG+P2
monnayassiez	monnayer	Ver:SImp+PL+P2
monnayassions	monnayer	Ver:SImp+PL+P1
monnayates	monnayer	Ver:IPSim+PL+P2
monnayat	monnayer	Ver:SImp+SG+P3
monnayee	monnayer	Ver:PPas+Fem+SG
monnayees	monnayer	Ver:PPas+Fem+PL
monnaye	monnayer	Ver:IPre+SG+P1:IPre+SG+P3:SPre+SG+P1:SPre+SG+P3:ImPre+SG+P2
monnaye	monnayer	Ver:PPas+Mas+SG
monnayent	monnayer	Ver:IPre+PL+P3:SPre+PL+P3
monnayeraient	monnayer	Ver:CPre+PL+P3
monnayerai	monnayer	Ver:IFut+SG+P1
monnayerais	monnayer	Ver:CPre+SG+P1:CPre+SG+P2
monnayerait	monnayer	Ver:CPre+SG+P3
monnayera	monnayer	Ver:IFut+SG+P3
monnayeras	monnayer	Ver:IFut+SG+P2
monnayerent	monnayer	Ver:IPSim+PL+P3
monnayerez	monnayer	Ver:IFut+PL+P2
monnayerons	monnayer	Ver:IFut+PL+P1
monnayeront	monnayer	Ver:IFut+PL+P3
monnayes	monnayer	Ver:IPre+SG+P2:SPre+SG+P2
monnayes	monnayer	Ver:PPas+Mas+PL
monnayeur	monnayeur	Nom:Mas+SG
monnayeurs	monnayeur	Nom:Mas+PL
monnayez	monnayer	Ver:IPre+PL+P2:ImPre+PL+P2
monnayiez	monnayer	Ver:IImp+PL+P2:SPre+PL+P2
monnayions	monnayer	Ver:IImp+PL+P1:SPre+PL+P1
monnayons	monnayer	Ver:IPre+PL+P1:ImPre+PL+P1
monoacide	monoacide	Adj:InvGen+SG
monoacides	monoacide	Adj:InvGen+PL
monoacides	monoacide	Nom:Mas+PL
monoatomique	monoatomique	Adj:InvGen+SG
monoatomiques	monoatomique	Adj:InvGen+PL
monobloc	monobloc	Adj:InvGen+SG:InvGen+PL
monobloc	monobloc	Nom:Mas+SG
monocameralisme	monocameralisme	Nom:Mas+SG
monocellulaire	monocellulaire	Adj:InvGen+SG
monochromatique	monochromatique	Adj:InvGen+SG
monochrome	monochrome	Adj:InvGen+SG
monochromes	monochrome	Adj:InvGen+PL
monochromie	monochromie	Nom:Fem+SG
monocle	monocle	Nom:Mas+SG
monocles	monocle	Nom:Mas+PL
monoclinale	monoclinal	Adj:Fem+SG
monoclinales	monoclinal	Adj:Fem+PL
monoclinal	monoclinal	Adj:Mas+SG
monoclinal	monoclinal	Nom:Mas+SG
monoclinaux	monoclinal	Adj:Mas+PL
monoclinaux	monoclinal	Nom:Mas+PL
monoclinique	monoclinique	Adj:InvGen+SG
monocliniques	monoclinique	Adj:InvGen+PL
monocoque	monocoque	Adj:InvGen+SG
monocoques	monocoque	Adj:InvGen+PL
monocorde	monocorde	Adj:InvGen+SG
monocordes	monocorde	Adj:InvGen+PL
monocotyledone	monocotyledone	Adj:InvGen+SG
monocotyledone	monocotyledone	Nom:Fem+SG
monocotyledones	monocotyledone	Adj:InvGen+PL
monocotyledones	monocotyledone	Nom:Fem+PL
monoculaire	monoculaire	Adj:InvGen+SG
monoculaires	monoculaire	Adj:InvGen+PL
monoculture	monoculture	Nom:Fem+SG
monocultures	monoculture	Nom:Fem+PL
monocyte	monocyte	Nom:Mas+SG
monocytes	monocyte	Nom:Mas+PL
monodie	monodie	Nom:Fem+SG
monodies	monodie	Nom:Fem+PL
monoecie	monoecie	Nom:Fem+SG
monoecies	monoecie	Nom:Fem+PL
monogame	monogame	Adj:InvGen+SG
monogame	monogame	Nom:InvGen+SG
monogamie	monogamie	Nom:Fem+SG
monogamique	monogamique	Adj:InvGen+SG
monogamiques	monogamique	Adj:InvGen+PL
monogenisme	monogenisme	Nom:Mas+SG
monogenismes	monogenisme	Nom:Mas+PL
monogramme	monogramme	Nom:Mas+SG
monogrammes	monogramme	Nom:Mas+PL
monographie	monographie	Nom:Fem+SG
monographies	monographie	Nom:Fem+PL
monographique	monographique	Adj:InvGen+SG
monographiques	monographique	Adj:InvGen+PL
monoideisme	monoideisme	Nom:Mas+SG
monoique	monoique	Adj:InvGen+SG
monoiques	monoique	Adj:InvGen+PL
monolingue	monolingue	Adj:InvGen+SG
monolingues	monolingue	Adj:InvGen+PL
monolingues	monolingue	Nom:InvGen+PL
monolinguisme	monolinguisme	Nom:Mas+SG
monolinguismes	monolinguisme	Nom:Mas+PL
monolithe	monolithe	Adj:InvGen+SG
monolithe	monolithe	Nom:Mas+SG
monolithes	monolithe	Adj:InvGen+PL
monolithes	monolithe	Nom:Mas+PL
monolithique	monolithique	Adj:InvGen+SG
monolithiques	monolithique	Adj:InvGen+PL
monolithisme	monolithisme	Nom:Mas+SG
monologuaient	monologuer	Ver:IImp+PL+P3
monologuai	monologuer	Ver:IPSim+SG+P1
monologuais	monologuer	Ver:IImp+SG+P1:IImp+SG+P2
monologuait	monologuer	Ver:IImp+SG+P3
monologuames	monologuer	Ver:IPSim+PL+P1
monologua	monologuer	Ver:IPSim+SG+P3
monologuant	monologuer	Ver:PPre
monologuas	monologuer	Ver:IPSim+SG+P2
monologuasse	monologuer	Ver:SImp+SG+P1
monologuassent	monologuer	Ver:SImp+PL+P3
monologuasses	monologuer	Ver:SImp+SG+P2
monologuassiez	monologuer	Ver:SImp+PL+P2
monologuassions	monologuer	Ver:SImp+PL+P1
monologuates	monologuer	Ver:IPSim+PL+P2
monologuat	monologuer	Ver:SImp+SG+P3
monologue	monologue	Nom:Mas+SG
monologue	monologuer	Ver:IPre+SG+P1:IPre+SG+P3:SPre+SG+P1:SPre+SG+P3:ImPre+SG+P2
monologue	monologuer	Ver:PPas+Mas+SG
monologuent	monologuer	Ver:IPre+PL+P3:SPre+PL+P3
monologueraient	monologuer	Ver:CPre+PL+P3
monologuerai	monologuer	Ver:IFut+SG+P1
monologuerais	monologuer	Ver:CPre+SG+P1:CPre+SG+P2
monologuerait	monologuer	Ver:CPre+SG+P3
monologuera	monologuer	Ver:IFut+SG+P3
monologueras	monologuer	Ver:IFut+SG+P2
monologuerent	monologuer	Ver:IPSim+PL+P3
monologuerez	monologuer	Ver:IFut+PL+P2
monologues	monologuer	Ver:IPre+SG+P2:SPre+SG+P2
monologuez	monologuer	Ver:IPre+PL+P2:ImPre+PL+P2
monologuiez	monologuer	Ver:IImp+PL+P2:SPre+PL+P2
monologuions	monologuer	Ver:IImp+PL+P1:SPre+PL+P1
monologuons	monologuer	Ver:IPre+PL+P1:ImPre+PL+P1
monomane	monomane	Adj:InvGen+SG
monomaniaque	monomaniaque	Adj:InvGen+SG
monomanie	monomanie	Nom:Fem+SG
monome	monome	Adj:Mas+SG
monome	monome	Nom:Mas+SG
monomere	monomere	Adj:InvGen+SG
monomere	monomere	Nom:Fem+SG
monomere	monomere	Nom:Mas+SG
monomes	monome	Adj:Mas+PL
monomes	monome	Nom:Mas+PL
monometallisme	monometallisme	Nom:Mas+SG
monometallismes	monometallisme	Nom:Mas+PL
monometalliste	monometalliste	Adj:InvGen+SG
monometallistes	monometalliste	Adj:InvGen+PL
mono	mono	Adj:InvGen+SG:InvGen+PL
mono	mono	Nom:InvGen+SG
mono	mono	Nom:Mas+SG
monomoteur	monomoteur	Adj:Mas+SG
monomoteur	monomoteur	Nom:Mas+SG
monomoteurs	monomoteur	Adj:Mas+PL
monomoteurs	monomoteur	Nom:Mas+PL
mononucleaire	mononucleaire	Adj:InvGen+SG
mononucleaires	mononucleaire	Adj:InvGen+PL
mononucleose	mononucleose	Nom:Fem+SG
monophase	monophase	Adj:Mas+SG
monophases	monophase	Adj:Mas+PL
monophonique	monophonique	Adj:InvGen+SG
monoplace	monoplace	Adj:InvGen+SG
monoplace	monoplace	Nom:Fem+SG
monoplace	monoplace	Nom:Mas+SG
monoplan	monoplan	Nom:Mas+SG
monopole	monopole	Nom:Mas+SG
monopoles	monopole	Nom:Mas+PL
monopolisaient	monopoliser	Ver:IImp+PL+P3
monopolisai	monopoliser	Ver:IPSim+SG+P1
monopolisais	monopoliser	Ver:IImp+SG+P1:IImp+SG+P2
monopolisait	monopoliser	Ver:IImp+SG+P3
monopolisames	monopoliser	Ver:IPSim+PL+P1
monopolisa	monopoliser	Ver:IPSim+SG+P3
monopolisant	monopoliser	Ver:PPre
monopolisas	monopoliser	Ver:IPSim+SG+P2
monopolisasse	monopoliser	Ver:SImp+SG+P1
monopolisassent	monopoliser	Ver:SImp+PL+P3
monopolisasses	monopoliser	Ver:SImp+SG+P2
monopolisassiez	monopoliser	Ver:SImp+PL+P2
monopolisassions	monopoliser	Ver:SImp+PL+P1
monopolisates	monopoliser	Ver:IPSim+PL+P2
monopolisateur	monopolisateur	Nom:Mas+SG
monopolisation	monopolisation	Nom:Fem+SG
monopolisations	monopolisation	Nom:Fem+PL
monopolisat	monopoliser	Ver:SImp+SG+P3
monopolisee	monopoliser	Ver:PPas+Fem+SG
monopolisees	monopoliser	Ver:PPas+Fem+PL
monopolise	monopoliser	Ver:IPre+SG+P1:IPre+SG+P3:SPre+SG+P1:SPre+SG+P3:ImPre+SG+P2
monopolise	monopoliser	Ver:PPas+Mas+SG
monopolisent	monopoliser	Ver:IPre+PL+P3:SPre+PL+P3
monopoliseraient	monopoliser	Ver:CPre+PL+P3
monopoliserai	monopoliser	Ver:IFut+SG+P1
monopoliserais	monopoliser	Ver:CPre+SG+P1:CPre+SG+P2
monopoliserait	monopoliser	Ver:CPre+SG+P3
monopolisera	monopoliser	Ver:IFut+SG+P3
monopoliseras	monopoliser	Ver:IFut+SG+P2
monopoliserent	monopoliser	Ver:IPSim+PL+P3
monopoliserez	monopoliser	Ver:IFut+PL+P2
monopolises	monopoliser	Ver:IPre+SG+P2:SPre+SG+P2
monopolises	monopoliser	Ver:PPas+Mas+PL
monopolisez	monopoliser	Ver:IPre+PL+P2:ImPre+PL+P2
monopolisiez	monopoliser	Ver:IImp+PL+P2:SPre+PL+P2
monopolisions	monopoliser	Ver:IImp+PL+P1:SPre+PL+P1
monopolisons	monopoliser	Ver:IPre+PL+P1:ImPre+PL+P1
monopoliste	monopoliste	Adj:InvGen+SG
monopoliste	monopoliste	Nom:InvGen+SG
monopolistes	monopoliste	Adj:InvGen+PL
monopolistes	monopoliste	Nom:InvGen+PL
monopolistique	monopolistique	Adj:InvGen+SG
monopolistiques	monopolistique	Adj:InvGen+PL
monoprix	monoprix	Nom:Mas+InvPL
monopsone	monopsone	Nom:Mas+SG
monoptere	monoptere	Adj:InvGen+SG
monoptere	monoptere	Nom:Mas+SG
monorail	monorail	Adj:InvGen+SG:InvGen+PL
monorail	monorail	Nom:Mas+SG
monorime	monorime	Adj:InvGen+SG
monosaccharide	monosaccharide	Nom:Mas+SG
monosepale	monosepale	Adj:InvGen+SG
monoski	monoski	Nom:Mas+SG
monosperme	monosperme	Adj:InvGen+SG
monostyle	monostyle	Adj:InvGen+SG
monosulfite	monosulfite	Nom:Mas+SG
monosyllabe	monosyllabe	Adj:InvGen+SG
monosyllabes	monosyllabe	Adj:InvGen+PL
monosyllabes	monosyllabe	Nom:Mas+PL
monosyllabique	monosyllabique	Adj:InvGen+SG
monosyllabiques	monosyllabique	Adj:InvGen+PL
monosyllabisme	monosyllabisme	Nom:Mas+SG
monotheique	monotheique	Adj:InvGen+SG
monotheisme	monotheisme	Nom:Mas+SG
monotheiste	monotheiste	Adj:InvGen+SG
monotheistes	monotheiste	Adj:InvGen+PL
monotone	monotone	Adj:InvGen+SG
monotones	monotone	Adj:InvGen+PL
monotonie	monotonie	Nom:Fem+SG
monotonies	monotonie	Nom:Fem+PL
monotrace	monotrace	Adj:InvGen+SG
monotreme	monotreme	Adj:InvGen+SG
monotype	monotype	Adj:InvGen+SG
monotype	monotype	Nom:Fem+SG
monotype	monotype	Nom:Mas+SG
monovalente	monovalent	Adj:Fem+SG
monovalentes	monovalent	Adj:Fem+PL
monovalent	monovalent	Adj:Mas+SG
monoxyde	monoxyde	Nom:Mas+SG
monoxyle	monoxyle	Adj:InvGen+SG
monoxyles	monoxyle	Adj:InvGen+PL
monseigneur	monseigneur	Nom:Mas+SG
monsieur	monsieur	Nom:Mas+SG
monsignore	monsignore	Nom:Mas+SG
monsignor	monsignor	Nom:Mas+SG
monstre	monstre	Adj:InvGen+SG
monstres	monstre	Adj:InvGen+PL
monstres	monstre	Nom:Mas+PL
monstres	monstres	Nom:Mas+PL
monstrueusement	monstrueusement	Adv
monstrueuse	monstrueux	Adj:Fem+SG
monstrueuses	monstrueux	Adj:Fem+PL
monstrueux	monstrueux	Adj:Mas+InvPL
monstruosite	monstruosite	Nom:Fem+SG
monstruosites	monstruosite	Nom:Fem+PL
montage	montage	Nom:Mas+SG
montages	montage	Nom:Mas+PL
montagnarde	montagnard	Adj:Fem+SG
montagnarde	montagnard	Nom:Fem+SG
montagnardes	montagnard	Adj:Fem+PL
montagnardes	montagnard	Nom:Fem+PL
montagnard	montagnard	Adj:Mas+SG
montagnard	montagnard	Nom:Mas+SG
montagnards	montagnard	Adj:Mas+PL
montagnards	montagnard	Nom:Mas+PL
montagne	montagne	Nom:Fem+SG
montagnes	montagne	Nom:Fem+PL
montagnette	montagnette	Nom:Fem+SG
montagneuse	montagneux	Adj:Fem+SG
montagneuses	montagneux	Adj:Fem+PL
montagneux	montagneux	Adj:Mas+InvPL
montaient	monter	Ver:IImp+PL+P3
montai	monter	Ver:IPSim+SG+P1
montais	monter	Ver:IImp+SG+P1:IImp+SG+P2
montaison	montaison	Nom:Fem+SG
montait	monter	Ver:IImp+SG+P3
montames	monter	Ver:IPSim+PL+P1
monta	monter	Ver:IPSim+SG+P3
montanisme	montanisme	Nom:Mas+SG
montaniste	montaniste	Adj:InvGen+SG
montaniste	montaniste	Nom:InvGen+SG
montante	montant	Adj:Fem+SG
montantes	montant	Adj:Fem+PL
montant	montant	Adj:Mas+SG
montant	montant	Nom:Mas+SG
montant	monter	Ver:PPre
montants	montant	Adj:Mas+PL
montants	montant	Nom:Mas+PL
montas	monter	Ver:IPSim+SG+P2
montasse	monter	Ver:SImp+SG+P1
montassent	monter	Ver:SImp+PL+P3
montasses	monter	Ver:SImp+SG+P2
montassiez	monter	Ver:SImp+PL+P2
montassions	monter	Ver:SImp+PL+P1
montates	monter	Ver:IPSim+PL+P2
montat	monter	Ver:SImp+SG+P3
montee	monte	Adj:Fem+SG
montee	montee	Nom:Fem+SG
montee	monter	Ver:PPas+Fem+SG
montees	monte	Adj:Fem+PL
montees	montee	Nom:Fem+PL
montees	monter	Ver:PPas+Fem+PL
monte	monte	Adj:Mas+SG
monte	monte	Nom:Fem+SG
monte	monter	Ver:IPre+SG+P1:IPre+SG+P3:SPre+SG+P1:SPre+SG+P3:ImPre+SG+P2
monte	monter	Ver:PPas+Mas+SG
montenegrine	montenegrin	Adj:Fem+SG
montenegrine	montenegrin	Nom:Fem+SG
montenegrines	montenegrin	Adj:Fem+PL
montenegrines	montenegrin	Nom:Fem+PL
montenegrin	montenegrin	Adj:Mas+SG
montenegrin	montenegrin	Nom:Mas+SG
montent	monter	Ver:IPre+PL+P3:SPre+PL+P3
monteraient	monter	Ver:CPre+PL+P3
monterai	monter	Ver:IFut+SG+P1
monterais	monter	Ver:CPre+SG+P1:CPre+SG+P2
monteuse	monteur	Nom:Fem+SG
monteuses	monteur	Adj:Fem+PL
monteuses	monteur	Nom:Fem+PL
montez	monter	Ver:IPre+PL+P2:ImPre+PL+P2
monte-charge	monte-charge	Nom:Mas+InvPL
monte-pente	monte-pente	Nom:Mas+SG
monte-plats	monte-plat	Nom:Mas+PL
monte-plats	monte-plats	Nom:Mas+InvPL
monte-sac	monte-sac	Nom:Mas+InvPL
montgolfiere	montgolfiere	Nom:Fem+SG
montgolfieres	montgolfiere	Nom:Fem+PL
monticole	monticole	Adj:InvGen+SG
monticule	monticule	Nom:Mas+SG
monticules	monticule	Nom:Mas+PL
montiez	monter	Ver:IImp+PL+P2:SPre+PL+P2
montions	monter	Ver:IImp+PL+P1:SPre+PL+P1
montjoie	montjoie	Int
montjoie	montjoie	Nom:Fem+SG
montjoie	montjoie	Nom:Mas+SG
montmartroise	montmartrois	Adj:Fem+SG
montmartrois	montmartrois	Adj:Mas+InvPL
montmartrois	montmartrois	Nom:Mas+InvPL
mont	mont	Nom:Mas+SG
montmorency	montmorency	Nom:Fem+InvPL
montoir	montoir	Nom:Mas+SG
montoirs	montoir	Nom:Mas+PL
montons	monter	Ver:IPre+PL+P1:ImPre+PL+P1
montpellierain	montpellierain	Adj:Mas+SG
montrable	montrable	Adj:InvGen+SG
montrables	montrable	Adj:InvGen+PL
montraient	montrer	Ver:IImp+PL+P3
montrai	montrer	Ver:IPSim+SG+P1
montrais	montrer	Ver:IImp+SG+P1:IImp+SG+P2
montrait	montrer	Ver:IImp+SG+P3
montrames	montrer	Ver:IPSim+PL+P1
montra	montrer	Ver:IPSim+SG+P3
montrant	montrer	Ver:PPre
montras	montrer	Ver:IPSim+SG+P2
montrasse	montrer	Ver:SImp+SG+P1
montrassent	montrer	Ver:SImp+PL+P3
montrasses	montrer	Ver:SImp+SG+P2
montrassiez	montrer	Ver:SImp+PL+P2
montrassions	montrer	Ver:SImp+PL+P1
montrates	montrer	Ver:IPSim+PL+P2
montrat	montrer	Ver:SImp+SG+P3
montrealais	montrealais	Adj:Mas+InvPL
montree	montrer	Ver:PPas+Fem+SG
montrees	montrer	Ver:PPas+Fem+PL
montre	montre	Nom:Fem+SG
montre	montrer	Ver:IPre+SG+P1:IPre+SG+P3:SPre+SG+P1:SPre+SG+P3:ImPre+SG+P2
montre	montrer	Ver:PPas+Mas+SG
montrent	montrer	Ver:IPre+PL+P3:SPre+PL+P3
montreraient	montrer	Ver:CPre+PL+P3
montrerai	montrer	Ver:IFut+SG+P1
montrerais	montrer	Ver:CPre+SG+P1:CPre+SG+P2
montrerait	montrer	Ver:CPre+SG+P3
montres	montrer	Ver:IPre+SG+P2:SPre+SG+P2
montres	montrer	Ver:PPas+Mas+PL
montreur	montreur	Nom:Mas+SG
montreurs	montreur	Nom:Mas+PL
montreuse	montreur	Nom:Fem+SG
montreuses	montreur	Nom:Fem+PL
montrez	montrer	Ver:IPre+PL+P2:ImPre+PL+P2
montriez	montrer	Ver:IImp+PL+P2:SPre+PL+P2
montrions	montrer	Ver:IImp+PL+P1:SPre+PL+P1
montrons	montrer	Ver:IPre+PL+P1:ImPre+PL+P1
monts	mont	Nom:Mas+PL
monts-blancs	mont-blanc	Nom:Mas+PL
monts-de-piete	mont-de-piete	Nom:Mas+PL
montueuse	montueux	Adj:Fem+SG
montueuses	montueux	Adj:Fem+PL
montueux	montueux	Adj:Mas+InvPL
monture	monture	Nom:Fem+SG
montures	monture	Nom:Fem+PL
mont-blanc	mont-blanc	Nom:Mas+SG
mont-de-piete	mont-de-piete	Nom:Mas+SG
mont-joie	mont-joie	Nom:Fem+SG
monumentale	monumental	Adj:Fem+SG
monumentales	monumental	Adj:Fem+PL
monumentalite	monumentalite	Nom:Fem+SG
monumental	monumental	Adj:Mas+SG
monumentaux	monumental	Adj:Mas+PL
monument	monument	Nom:Mas+SG
monuments	monument	Nom:Mas+PL
moquaient	moquer	Ver:IImp+PL+P3
moquai	moquer	Ver:IPSim+SG+P1
moquais	moquer	Ver:IImp+SG+P1:IImp+SG+P2
moquait	moquer	Ver:IImp+SG+P3
moquames	moquer	Ver:IPSim+PL+P1
moqua	moquer	Ver:IPSim+SG+P3
moquant	moquer	Ver:PPre
moquas	moquer	Ver:IPSim+SG+P2
moquasse	moquer	Ver:SImp+SG+P1
moquassent	moquer	Ver:SImp+PL+P3
moquasses	moquer	Ver:SImp+SG+P2
moquassiez	moquer	Ver:SImp+PL+P2
moquassions	moquer	Ver:SImp+PL+P1
moquates	moquer	Ver:IPSim+PL+P2
moquat	moquer	Ver:SImp+SG+P3
moquee	moquer	Ver:PPas+Fem+SG
moquees	moquer	Ver:PPas+Fem+PL
moque	moque	Nom:Fem+SG
moque	moquer	Ver:PPas+Mas+SG
moquent	moquer	Ver:IPre+PL+P3:SPre+PL+P3
moqueraient	moquer	Ver:CPre+PL+P3
moquerai	moquer	Ver:IFut+SG+P1
moquerais	moquer	Ver:CPre+SG+P1:CPre+SG+P2
moquerait	moquer	Ver:CPre+SG+P3
moquera	moquer	Ver:IFut+SG+P3
moqueras	moquer	Ver:IFut+SG+P2
moquerent	moquer	Ver:IPSim+PL+P3
moques	moquer	Ver:PPas+Mas+PL
moquettaient	moquetter	Ver:IImp+PL+P3
moquettai	moquetter	Ver:IPSim+SG+P1
moquettais	moquetter	Ver:IImp+SG+P1:IImp+SG+P2
moquettait	moquetter	Ver:IImp+SG+P3
moquettames	moquetter	Ver:IPSim+PL+P1
moquetta	moquetter	Ver:IPSim+SG+P3
moquettas	moquetter	Ver:IPSim+SG+P2
moquettasse	moquetter	Ver:SImp+SG+P1
moquettassent	moquetter	Ver:SImp+PL+P3
moquettasses	moquetter	Ver:SImp+SG+P2
moquettassiez	moquetter	Ver:SImp+PL+P2
moquettassions	moquetter	Ver:SImp+PL+P1
moquettates	moquetter	Ver:IPSim+PL+P2
moquettat	moquetter	Ver:SImp+SG+P3
moquette	moquette	Nom:Fem+SG
moquette	moquetter	Ver:IPre+SG+P1:IPre+SG+P3:SPre+SG+P1:SPre+SG+P3:ImPre+SG+P2
parcheminier	parcheminier	Nom:Mas+SG
parchemin	parchemin	Nom:Mas+SG
parchemins	parchemin	Nom:Mas+PL
parchet	parchet	Nom:Mas+SG
parcimonie	parcimonie	Nom:Fem+SG
parcimonieusement	parcimonieusement	Adv
reconnue	reconnaitre	Ver:PPas+Fem+SG
reconnue	reconnu	Adj:Fem+SG
reconnues	reconnaitre	Ver:PPas+Fem+PL
reconnues	reconnu	Adj:Fem+PL
reconnumes	reconnaitre	Ver:IPSim+PL+P1
reconnu	reconnaitre	Ver:PPas
reconnu	reconnaitre	Ver:PPas+Mas+SG
reconnu	reconnu	Adj:Mas+SG
reconnurent	reconnaitre	Ver:IPSim+PL+P3
reconnus	reconnaitre	Ver:PPas+Mas+PL
reconnus	reconnaitre	Ver:IPSim+SG+P1
reconnus	reconnaitre	Ver:IPSim+SG+P2
reconnus	reconnu	Adj:Mas+PL
soulions	souler	Ver:IImp+PL+P1:SPre+PL+P1
soulographe	soulographe	Nom:InvGen+SG
soulographie	soulographie	Nom:Fem+SG
soulons	souler	Ver:IPre+PL+P1:ImPre+PL+P1
soulote	soulot	Nom:Fem+SG
soulot	soulot	Nom:Mas+SG
soul	soul	Adj:Mas+SG